# Source: Wesley C. Mitchell, "A History of the Greenbacks" (1903)
# Appendix B, Table 4: "Relative Prices of Various Commodities at Retail"
# Pages 451-468. Relative prices (index, first year quoted = 100).
#
# 556 series across 60 commodity blocks, each block a commodity quoted in a set of
# towns. Annual, 1860-1866. Blank cells are printed "..." in the source: most often
# a town whose series begins in 1861 rather than 1860.
#
# THE 1867 AND 1868 COLUMNS APPLY ONLY TO RENTS. Mitchell's note to the table: "In
# the case of rent figures are given for 1867 and 1868 for the purposes of Part II,
# chap. vi." Every other block stops at 1866, so those two columns are blank for all
# but the two rent blocks.
#
# Mitchell's note on the source: "The source of the following series of relative
# prices at retail is the report prepared by Mr. J. D. Weeks in 1880-83 and published
# as Vol. XX of the Tenth Census. Not all of the material supplied by Mr. Weeks,
# however, has been used, for he gives some series of prices at unspecified times of
# the year and others 'on or about June 1.' Those series 'showing average for the
# year' alone were used as the basis for the computations in the text, and they alone
# are given here."
#
# initial_price is Mitchell's "Initial Price" column, in the unit named by the unit
# column. Fractions are kept as printed, e.g. "0.08 1/3".
#
# TWO CELLS ARE LEFT BLANK BECAUSE THE PRINTING IS DEFECTIVE, not because the source
# has no figure. Both read as "1 9" or "1 3" with the middle digit missing:
#   Rent, four rooms, Indianapolis, 1865
#   Board per week for men, Philadelphia, 1864
# They are not guessed at. Consult a better copy of page 467 or 468 to fill them.
#
# Re-transcribed 17 September 2026 from the page images.
#
# DERIVED from ../mitchell_appendix_b_table4_retail_prices.csv by analysis/03_build_tidy.py. Do not edit.
commodity,unit,state,town,initial_price,year,relative_price
"Dry goods: cotton flannel, medium quality",per yard,Mass,Woburn,0.13,1860,100
"Dry goods: cotton flannel, medium quality",per yard,Mass,Woburn,0.13,1861,131
"Dry goods: cotton flannel, medium quality",per yard,Mass,Woburn,0.13,1862,231
"Dry goods: cotton flannel, medium quality",per yard,Mass,Woburn,0.13,1863,269
"Dry goods: cotton flannel, medium quality",per yard,Mass,Woburn,0.13,1864,385
"Dry goods: cotton flannel, medium quality",per yard,Mass,Woburn,0.13,1865,385
"Dry goods: cotton flannel, medium quality",per yard,Mass,Woburn,0.13,1866,346
"Dry goods: cotton flannel, medium quality",per yard,Conn,Jewett City,.15,1860,100
"Dry goods: cotton flannel, medium quality",per yard,Conn,Jewett City,.15,1861,100
"Dry goods: cotton flannel, medium quality",per yard,Conn,Jewett City,.15,1862,113
"Dry goods: cotton flannel, medium quality",per yard,Conn,Jewett City,.15,1863,250
"Dry goods: cotton flannel, medium quality",per yard,Conn,Jewett City,.15,1864,333
"Dry goods: cotton flannel, medium quality",per yard,Conn,Jewett City,.15,1865,387
"Dry goods: cotton flannel, medium quality",per yard,Conn,Jewett City,.15,1866,320
"Dry goods: cotton flannel, medium quality",per yard,Pa,New Castle,.125,1860,100
"Dry goods: cotton flannel, medium quality",per yard,Pa,New Castle,.125,1861,120
"Dry goods: cotton flannel, medium quality",per yard,Pa,New Castle,.125,1862,200
"Dry goods: cotton flannel, medium quality",per yard,Pa,New Castle,.125,1863,360
"Dry goods: cotton flannel, medium quality",per yard,Pa,New Castle,.125,1864,440
"Dry goods: cotton flannel, medium quality",per yard,Pa,New Castle,.125,1865,400
"Dry goods: cotton flannel, medium quality",per yard,Pa,New Castle,.125,1866,240
"Dry goods: cotton flannel, medium quality",per yard,W. Va,New Cumberland,.14,1860,100
"Dry goods: cotton flannel, medium quality",per yard,W. Va,New Cumberland,.14,1861,179
"Dry goods: cotton flannel, medium quality",per yard,W. Va,New Cumberland,.14,1862,286
"Dry goods: cotton flannel, medium quality",per yard,W. Va,New Cumberland,.14,1863,357
"Dry goods: cotton flannel, medium quality",per yard,W. Va,New Cumberland,.14,1864,429
"Dry goods: cotton flannel, medium quality",per yard,W. Va,New Cumberland,.14,1865,429
"Dry goods: cotton flannel, medium quality",per yard,W. Va,New Cumberland,.14,1866,357
"Dry goods: cotton flannel, medium quality",per yard,W. Va,Wheeling,.125,1860,100
"Dry goods: cotton flannel, medium quality",per yard,W. Va,Wheeling,.125,1861,120
"Dry goods: cotton flannel, medium quality",per yard,W. Va,Wheeling,.125,1862,200
"Dry goods: cotton flannel, medium quality",per yard,W. Va,Wheeling,.125,1863,300
"Dry goods: cotton flannel, medium quality",per yard,W. Va,Wheeling,.125,1864,600
"Dry goods: cotton flannel, medium quality",per yard,W. Va,Wheeling,.125,1865,480
"Dry goods: cotton flannel, medium quality",per yard,W. Va,Wheeling,.125,1866,400
"Dry goods: cotton flannel, medium quality",per yard,Ohio,Canton,.125,1860,100
"Dry goods: cotton flannel, medium quality",per yard,Ohio,Canton,.125,1861,96
"Dry goods: cotton flannel, medium quality",per yard,Ohio,Canton,.125,1862,300
"Dry goods: cotton flannel, medium quality",per yard,Ohio,Canton,.125,1863,400
"Dry goods: cotton flannel, medium quality",per yard,Ohio,Canton,.125,1864,600
"Dry goods: cotton flannel, medium quality",per yard,Ohio,Canton,.125,1865,520
"Dry goods: cotton flannel, medium quality",per yard,Ohio,Canton,.125,1866,400
"Dry goods: cotton flannel, medium quality",per yard,Ohio,Cincinnati,.125,1860,100
"Dry goods: cotton flannel, medium quality",per yard,Ohio,Cincinnati,.125,1861,100
"Dry goods: cotton flannel, medium quality",per yard,Ohio,Cincinnati,.125,1862,100
"Dry goods: cotton flannel, medium quality",per yard,Ohio,Cincinnati,.125,1863,120
"Dry goods: cotton flannel, medium quality",per yard,Ohio,Cincinnati,.125,1864,200
"Dry goods: cotton flannel, medium quality",per yard,Ohio,Cincinnati,.125,1865,300
"Dry goods: cotton flannel, medium quality",per yard,Ohio,Cincinnati,.125,1866,200
"Dry goods: cotton flannel, medium quality",per yard,Ohio,Zanesville,.10,1860,100
"Dry goods: cotton flannel, medium quality",per yard,Ohio,Zanesville,.10,1861,150
"Dry goods: cotton flannel, medium quality",per yard,Ohio,Zanesville,.10,1862,200
"Dry goods: cotton flannel, medium quality",per yard,Ohio,Zanesville,.10,1863,220
"Dry goods: cotton flannel, medium quality",per yard,Ohio,Zanesville,.10,1864,350
"Dry goods: cotton flannel, medium quality",per yard,Ohio,Zanesville,.10,1865,370
"Dry goods: cotton flannel, medium quality",per yard,Ohio,Zanesville,.10,1866,280
"Dry goods: cotton flannel, medium quality",per yard,Ind,Jeffersonville,.08 1/3,1860,100
"Dry goods: cotton flannel, medium quality",per yard,Ind,Jeffersonville,.08 1/3,1861,300
"Dry goods: cotton flannel, medium quality",per yard,Ind,Jeffersonville,.08 1/3,1862,300
"Dry goods: cotton flannel, medium quality",per yard,Ind,Jeffersonville,.08 1/3,1863,300
"Dry goods: cotton flannel, medium quality",per yard,Ind,Jeffersonville,.08 1/3,1864,300
"Dry goods: cotton flannel, medium quality",per yard,Ind,Jeffersonville,.08 1/3,1865,300
"Dry goods: cotton flannel, medium quality",per yard,Ind,Jeffersonville,.08 1/3,1866,300
"Dry goods: cotton flannel, medium quality",per yard,Ind,Lawrenceburg,.125,1860,100
"Dry goods: cotton flannel, medium quality",per yard,Ind,Lawrenceburg,.125,1861,100
"Dry goods: cotton flannel, medium quality",per yard,Ind,Lawrenceburg,.125,1862,200
"Dry goods: cotton flannel, medium quality",per yard,Ind,Lawrenceburg,.125,1863,360
"Dry goods: cotton flannel, medium quality",per yard,Ind,Lawrenceburg,.125,1864,720
"Dry goods: cotton flannel, medium quality",per yard,Ind,Lawrenceburg,.125,1865,600
"Dry goods: cotton flannel, medium quality",per yard,Ind,Lawrenceburg,.125,1866,600
"Dry goods: cotton flannel, medium quality",per yard,Ind,New Albany,.10,1860,100
"Dry goods: cotton flannel, medium quality",per yard,Ind,New Albany,.10,1861,125
"Dry goods: cotton flannel, medium quality",per yard,Ind,New Albany,.10,1862,250
"Dry goods: cotton flannel, medium quality",per yard,Ind,New Albany,.10,1863,400
"Dry goods: cotton flannel, medium quality",per yard,Ind,New Albany,.10,1864,500
"Dry goods: cotton flannel, medium quality",per yard,Ind,New Albany,.10,1865,400
"Dry goods: cotton flannel, medium quality",per yard,Ind,New Albany,.10,1866,300
"Dry goods: cotton flannel, medium quality",per yard,Ill,Bloomington,.125,1860,100
"Dry goods: cotton flannel, medium quality",per yard,Ill,Bloomington,.125,1861,120
"Dry goods: cotton flannel, medium quality",per yard,Ill,Bloomington,.125,1862,200
"Dry goods: cotton flannel, medium quality",per yard,Ill,Bloomington,.125,1863,320
"Dry goods: cotton flannel, medium quality",per yard,Ill,Bloomington,.125,1864,520
"Dry goods: cotton flannel, medium quality",per yard,Ill,Bloomington,.125,1865,720
"Dry goods: cotton flannel, medium quality",per yard,Ill,Bloomington,.125,1866,520
Dry goods: mousselines de laine,per yard,Mass,Woburn,0.33,1860,100
Dry goods: mousselines de laine,per yard,Mass,Woburn,0.33,1861,100
Dry goods: mousselines de laine,per yard,Mass,Woburn,0.33,1862,91
Dry goods: mousselines de laine,per yard,Mass,Woburn,0.33,1863,91
Dry goods: mousselines de laine,per yard,Mass,Woburn,0.33,1864,100
Dry goods: mousselines de laine,per yard,Mass,Woburn,0.33,1865,115
Dry goods: mousselines de laine,per yard,Mass,Woburn,0.33,1866,106
Dry goods: mousselines de laine,per yard,Conn,Jewett City,.25,1860,100
Dry goods: mousselines de laine,per yard,Conn,Jewett City,.25,1861,88
Dry goods: mousselines de laine,per yard,Conn,Jewett City,.25,1862,100
Dry goods: mousselines de laine,per yard,Conn,Jewett City,.25,1863,150
Dry goods: mousselines de laine,per yard,Conn,Jewett City,.25,1864,250
Dry goods: mousselines de laine,per yard,Conn,Jewett City,.25,1865,268
Dry goods: mousselines de laine,per yard,Conn,Jewett City,.25,1866,268
Dry goods: mousselines de laine,per yard,Pa,New Castle,.25,1860,100
Dry goods: mousselines de laine,per yard,Pa,New Castle,.25,1861,100
Dry goods: mousselines de laine,per yard,Pa,New Castle,.25,1862,120
Dry goods: mousselines de laine,per yard,Pa,New Castle,.25,1863,140
Dry goods: mousselines de laine,per yard,Pa,New Castle,.25,1864,180
Dry goods: mousselines de laine,per yard,Pa,New Castle,.25,1865,160
Dry goods: mousselines de laine,per yard,Pa,New Castle,.25,1866,140
Dry goods: mousselines de laine,per yard,W. Va,New Cumberland,.15,1860,100
Dry goods: mousselines de laine,per yard,W. Va,New Cumberland,.15,1861,200
Dry goods: mousselines de laine,per yard,W. Va,New Cumberland,.15,1862,267
Dry goods: mousselines de laine,per yard,W. Va,New Cumberland,.15,1863,400
Dry goods: mousselines de laine,per yard,W. Va,New Cumberland,.15,1864,467
Dry goods: mousselines de laine,per yard,W. Va,New Cumberland,.15,1865,467
Dry goods: mousselines de laine,per yard,W. Va,New Cumberland,.15,1866,267
Dry goods: mousselines de laine,per yard,W. Va,Wheeling,.25,1860,100
Dry goods: mousselines de laine,per yard,W. Va,Wheeling,.25,1861,124
Dry goods: mousselines de laine,per yard,W. Va,Wheeling,.25,1862,150
Dry goods: mousselines de laine,per yard,W. Va,Wheeling,.25,1863,160
Dry goods: mousselines de laine,per yard,W. Va,Wheeling,.25,1864,240
Dry goods: mousselines de laine,per yard,W. Va,Wheeling,.25,1865,200
Dry goods: mousselines de laine,per yard,W. Va,Wheeling,.25,1866,150
Dry goods: mousselines de laine,per yard,Ohio,Canton,.25,1860,100
Dry goods: mousselines de laine,per yard,Ohio,Canton,.25,1861,100
Dry goods: mousselines de laine,per yard,Ohio,Canton,.25,1862,120
Dry goods: mousselines de laine,per yard,Ohio,Canton,.25,1863,160
Dry goods: mousselines de laine,per yard,Ohio,Canton,.25,1864,200
Dry goods: mousselines de laine,per yard,Ohio,Canton,.25,1865,150
Dry goods: mousselines de laine,per yard,Ohio,Canton,.25,1866,120
Dry goods: mousselines de laine,per yard,Ohio,Cincinnati,.25,1860,100
Dry goods: mousselines de laine,per yard,Ohio,Cincinnati,.25,1861,100
Dry goods: mousselines de laine,per yard,Ohio,Cincinnati,.25,1862,100
Dry goods: mousselines de laine,per yard,Ohio,Cincinnati,.25,1863,150
Dry goods: mousselines de laine,per yard,Ohio,Cincinnati,.25,1864,160
Dry goods: mousselines de laine,per yard,Ohio,Cincinnati,.25,1865,160
Dry goods: mousselines de laine,per yard,Ohio,Cincinnati,.25,1866,160
Dry goods: mousselines de laine,per yard,Ohio,Zanesville,.15,1860,100
Dry goods: mousselines de laine,per yard,Ohio,Zanesville,.15,1861,233
Dry goods: mousselines de laine,per yard,Ohio,Zanesville,.15,1862,267
Dry goods: mousselines de laine,per yard,Ohio,Zanesville,.15,1863,300
Dry goods: mousselines de laine,per yard,Ohio,Zanesville,.15,1864,467
Dry goods: mousselines de laine,per yard,Ohio,Zanesville,.15,1865,267
Dry goods: mousselines de laine,per yard,Ohio,Zanesville,.15,1866,233
Dry goods: mousselines de laine,per yard,Ind,Evansville,.20,1860,100
Dry goods: mousselines de laine,per yard,Ind,Evansville,.20,1861,125
Dry goods: mousselines de laine,per yard,Ind,Evansville,.20,1862,175
Dry goods: mousselines de laine,per yard,Ind,Evansville,.20,1863,250
Dry goods: mousselines de laine,per yard,Ind,Evansville,.20,1864,250
Dry goods: mousselines de laine,per yard,Ind,Evansville,.20,1865,250
Dry goods: mousselines de laine,per yard,Ind,Jeffersonville,.20,1860,100
Dry goods: mousselines de laine,per yard,Ind,Jeffersonville,.20,1861,175
Dry goods: mousselines de laine,per yard,Ind,Jeffersonville,.20,1862,175
Dry goods: mousselines de laine,per yard,Ind,Jeffersonville,.20,1863,175
Dry goods: mousselines de laine,per yard,Ind,Jeffersonville,.20,1864,175
Dry goods: mousselines de laine,per yard,Ind,Jeffersonville,.20,1865,175
Dry goods: mousselines de laine,per yard,Ind,Jeffersonville,.20,1866,175
Dry goods: mousselines de laine,per yard,Ind,Lawrenceburg,.25,1860,100
Dry goods: mousselines de laine,per yard,Ind,Lawrenceburg,.25,1861,100
Dry goods: mousselines de laine,per yard,Ind,Lawrenceburg,.25,1862,140
Dry goods: mousselines de laine,per yard,Ind,Lawrenceburg,.25,1863,160
Dry goods: mousselines de laine,per yard,Ind,Lawrenceburg,.25,1864,260
Dry goods: mousselines de laine,per yard,Ind,Lawrenceburg,.25,1865,180
Dry goods: mousselines de laine,per yard,Ind,Lawrenceburg,.25,1866,160
Dry goods: mousselines de laine,per yard,Ind,New Albany,.18,1860,100
Dry goods: mousselines de laine,per yard,Ind,New Albany,.18,1861,111
Dry goods: mousselines de laine,per yard,Ind,New Albany,.18,1862,167
Dry goods: mousselines de laine,per yard,Ind,New Albany,.18,1863,194
Dry goods: mousselines de laine,per yard,Ind,New Albany,.18,1864,222
Dry goods: mousselines de laine,per yard,Ind,New Albany,.18,1865,167
Dry goods: mousselines de laine,per yard,Ind,New Albany,.18,1866,139
Dry goods: mousselines de laine,per yard,Ill,Bloomington,.25,1860,100
Dry goods: mousselines de laine,per yard,Ill,Bloomington,.25,1861,100
Dry goods: mousselines de laine,per yard,Ill,Bloomington,.25,1862,100
Dry goods: mousselines de laine,per yard,Ill,Bloomington,.25,1863,140
Dry goods: mousselines de laine,per yard,Ill,Bloomington,.25,1864,140
Dry goods: mousselines de laine,per yard,Ill,Bloomington,.25,1865,160
Dry goods: mousselines de laine,per yard,Ill,Bloomington,.25,1866,120
"Dry goods: prints, Merrimack",per yard,Mass,Woburn,0.13,1860,100
"Dry goods: prints, Merrimack",per yard,Mass,Woburn,0.13,1861,115
"Dry goods: prints, Merrimack",per yard,Mass,Woburn,0.13,1862,154
"Dry goods: prints, Merrimack",per yard,Mass,Woburn,0.13,1863,154
"Dry goods: prints, Merrimack",per yard,Mass,Woburn,0.13,1864,154
"Dry goods: prints, Merrimack",per yard,Mass,Woburn,0.13,1865,246
"Dry goods: prints, Merrimack",per yard,Mass,Woburn,0.13,1866,192
"Dry goods: prints, Merrimack",per yard,Conn,Jewett City,.125,1860,100
"Dry goods: prints, Merrimack",per yard,Conn,Jewett City,.125,1861,100
"Dry goods: prints, Merrimack",per yard,Conn,Jewett City,.125,1862,112
"Dry goods: prints, Merrimack",per yard,Conn,Jewett City,.125,1863,176
"Dry goods: prints, Merrimack",per yard,Conn,Jewett City,.125,1864,240
"Dry goods: prints, Merrimack",per yard,Conn,Jewett City,.125,1865,300
"Dry goods: prints, Merrimack",per yard,Conn,Jewett City,.125,1866,264
"Dry goods: prints, Merrimack",per yard,Pa,New Castle,.125,1860,100
"Dry goods: prints, Merrimack",per yard,Pa,New Castle,.125,1861,100
"Dry goods: prints, Merrimack",per yard,Pa,New Castle,.125,1862,144
"Dry goods: prints, Merrimack",per yard,Pa,New Castle,.125,1863,200
"Dry goods: prints, Merrimack",per yard,Pa,New Castle,.125,1864,300
"Dry goods: prints, Merrimack",per yard,Pa,New Castle,.125,1865,280
"Dry goods: prints, Merrimack",per yard,Pa,New Castle,.125,1866,200
"Dry goods: prints, Merrimack",per yard,W. Va,New Cumberland,.09,1860,100
"Dry goods: prints, Merrimack",per yard,W. Va,New Cumberland,.09,1861,222
"Dry goods: prints, Merrimack",per yard,W. Va,New Cumberland,.09,1862,278
"Dry goods: prints, Merrimack",per yard,W. Va,New Cumberland,.09,1863,444
"Dry goods: prints, Merrimack",per yard,W. Va,New Cumberland,.09,1864,556
"Dry goods: prints, Merrimack",per yard,W. Va,New Cumberland,.09,1865,556
"Dry goods: prints, Merrimack",per yard,W. Va,New Cumberland,.09,1866,333
"Dry goods: prints, Merrimack",per yard,W. Va,Wheeling,.125,1860,100
"Dry goods: prints, Merrimack",per yard,W. Va,Wheeling,.125,1861,120
"Dry goods: prints, Merrimack",per yard,W. Va,Wheeling,.125,1862,200
"Dry goods: prints, Merrimack",per yard,W. Va,Wheeling,.125,1863,240
"Dry goods: prints, Merrimack",per yard,W. Va,Wheeling,.125,1864,400
"Dry goods: prints, Merrimack",per yard,W. Va,Wheeling,.125,1865,320
"Dry goods: prints, Merrimack",per yard,W. Va,Wheeling,.125,1866,240
"Dry goods: prints, Merrimack",per yard,Ohio,Canton,.125,1860,100
"Dry goods: prints, Merrimack",per yard,Ohio,Canton,.125,1861,80
"Dry goods: prints, Merrimack",per yard,Ohio,Canton,.125,1862,144
"Dry goods: prints, Merrimack",per yard,Ohio,Canton,.125,1863,240
"Dry goods: prints, Merrimack",per yard,Ohio,Canton,.125,1864,400
"Dry goods: prints, Merrimack",per yard,Ohio,Canton,.125,1865,320
"Dry goods: prints, Merrimack",per yard,Ohio,Canton,.125,1866,240
"Dry goods: prints, Merrimack",per yard,Ohio,Cincinnati,.125,1860,100
"Dry goods: prints, Merrimack",per yard,Ohio,Cincinnati,.125,1861,80
"Dry goods: prints, Merrimack",per yard,Ohio,Cincinnati,.125,1862,100
"Dry goods: prints, Merrimack",per yard,Ohio,Cincinnati,.125,1863,120
"Dry goods: prints, Merrimack",per yard,Ohio,Cincinnati,.125,1864,240
"Dry goods: prints, Merrimack",per yard,Ohio,Cincinnati,.125,1865,300
"Dry goods: prints, Merrimack",per yard,Ohio,Cincinnati,.125,1866,360
"Dry goods: prints, Merrimack",per yard,Ohio,Zanesville,.125,1860,100
"Dry goods: prints, Merrimack",per yard,Ohio,Zanesville,.125,1861,96
"Dry goods: prints, Merrimack",per yard,Ohio,Zanesville,.125,1862,120
"Dry goods: prints, Merrimack",per yard,Ohio,Zanesville,.125,1863,176
"Dry goods: prints, Merrimack",per yard,Ohio,Zanesville,.125,1864,320
"Dry goods: prints, Merrimack",per yard,Ohio,Zanesville,.125,1865,240
"Dry goods: prints, Merrimack",per yard,Ohio,Zanesville,.125,1866,200
"Dry goods: prints, Merrimack",per yard,Ind,Evansville,.10,1860,100
"Dry goods: prints, Merrimack",per yard,Ind,Evansville,.10,1861,100
"Dry goods: prints, Merrimack",per yard,Ind,Evansville,.10,1862,150
"Dry goods: prints, Merrimack",per yard,Ind,Evansville,.10,1863,250
"Dry goods: prints, Merrimack",per yard,Ind,Evansville,.10,1864,500
"Dry goods: prints, Merrimack",per yard,Ind,Evansville,.10,1865,450
"Dry goods: prints, Merrimack",per yard,Ind,Evansville,.10,1866,300
"Dry goods: prints, Merrimack",per yard,Ind,Jeffersonville,.125,1860,100
"Dry goods: prints, Merrimack",per yard,Ind,Jeffersonville,.125,1861,100
"Dry goods: prints, Merrimack",per yard,Ind,Jeffersonville,.125,1862,100
"Dry goods: prints, Merrimack",per yard,Ind,Jeffersonville,.125,1863,100
"Dry goods: prints, Merrimack",per yard,Ind,Jeffersonville,.125,1864,100
"Dry goods: prints, Merrimack",per yard,Ind,Jeffersonville,.125,1865,120
"Dry goods: prints, Merrimack",per yard,Ind,Jeffersonville,.125,1866,200
"Dry goods: prints, Merrimack",per yard,Ind,Lawrenceburg,.125,1860,100
"Dry goods: prints, Merrimack",per yard,Ind,Lawrenceburg,.125,1861,100
"Dry goods: prints, Merrimack",per yard,Ind,Lawrenceburg,.125,1862,160
"Dry goods: prints, Merrimack",per yard,Ind,Lawrenceburg,.125,1863,240
"Dry goods: prints, Merrimack",per yard,Ind,Lawrenceburg,.125,1864,480
"Dry goods: prints, Merrimack",per yard,Ind,Lawrenceburg,.125,1865,280
"Dry goods: prints, Merrimack",per yard,Ind,Lawrenceburg,.125,1866,200
"Dry goods: prints, Merrimack",per yard,Ind,New Albany,.10,1860,100
"Dry goods: prints, Merrimack",per yard,Ind,New Albany,.10,1861,105
"Dry goods: prints, Merrimack",per yard,Ind,New Albany,.10,1862,200
"Dry goods: prints, Merrimack",per yard,Ind,New Albany,.10,1863,300
"Dry goods: prints, Merrimack",per yard,Ind,New Albany,.10,1864,400
"Dry goods: prints, Merrimack",per yard,Ind,New Albany,.10,1865,250
"Dry goods: prints, Merrimack",per yard,Ind,New Albany,.10,1866,200
"Dry goods: prints, Merrimack",per yard,Ill,Bloomington,.125,1860,100
"Dry goods: prints, Merrimack",per yard,Ill,Bloomington,.125,1861,100
"Dry goods: prints, Merrimack",per yard,Ill,Bloomington,.125,1862,200
"Dry goods: prints, Merrimack",per yard,Ill,Bloomington,.125,1863,240
"Dry goods: prints, Merrimack",per yard,Ill,Bloomington,.125,1864,360
"Dry goods: prints, Merrimack",per yard,Ill,Bloomington,.125,1865,440
"Dry goods: prints, Merrimack",per yard,Ill,Bloomington,.125,1866,320
"Dry goods: satinets, medium quality",per yard,Conn,Jewett City,0.75,1860,100
"Dry goods: satinets, medium quality",per yard,Conn,Jewett City,0.75,1861,100
"Dry goods: satinets, medium quality",per yard,Conn,Jewett City,0.75,1862,133
"Dry goods: satinets, medium quality",per yard,Conn,Jewett City,0.75,1863,166
"Dry goods: satinets, medium quality",per yard,Conn,Jewett City,0.75,1864,177
"Dry goods: satinets, medium quality",per yard,Conn,Jewett City,0.75,1865,177
"Dry goods: satinets, medium quality",per yard,Conn,Jewett City,0.75,1866,173
"Dry goods: satinets, medium quality",per yard,Pa,New Castle,1.00,1860,100
"Dry goods: satinets, medium quality",per yard,Pa,New Castle,1.00,1861,100
"Dry goods: satinets, medium quality",per yard,Pa,New Castle,1.00,1862,125
"Dry goods: satinets, medium quality",per yard,Pa,New Castle,1.00,1863,138
"Dry goods: satinets, medium quality",per yard,Pa,New Castle,1.00,1864,150
"Dry goods: satinets, medium quality",per yard,Pa,New Castle,1.00,1865,140
"Dry goods: satinets, medium quality",per yard,Pa,New Castle,1.00,1866,150
"Dry goods: satinets, medium quality",per yard,W. Va,New Cumberland,0.11,1860,100
"Dry goods: satinets, medium quality",per yard,W. Va,New Cumberland,0.11,1861,227
"Dry goods: satinets, medium quality",per yard,W. Va,New Cumberland,0.11,1862,364
"Dry goods: satinets, medium quality",per yard,W. Va,New Cumberland,0.11,1863,455
"Dry goods: satinets, medium quality",per yard,W. Va,New Cumberland,0.11,1864,545
"Dry goods: satinets, medium quality",per yard,W. Va,New Cumberland,0.11,1865,545
"Dry goods: satinets, medium quality",per yard,W. Va,New Cumberland,0.11,1866,273
"Dry goods: satinets, medium quality",per yard,W. Va,Wheeling,.75,1860,100
"Dry goods: satinets, medium quality",per yard,W. Va,Wheeling,.75,1861,133
"Dry goods: satinets, medium quality",per yard,W. Va,Wheeling,.75,1862,167
"Dry goods: satinets, medium quality",per yard,W. Va,Wheeling,.75,1863,167
"Dry goods: satinets, medium quality",per yard,W. Va,Wheeling,.75,1864,200
"Dry goods: satinets, medium quality",per yard,W. Va,Wheeling,.75,1865,200
"Dry goods: satinets, medium quality",per yard,W. Va,Wheeling,.75,1866,167
"Dry goods: satinets, medium quality",per yard,Ohio,Canton,.75,1860,100
"Dry goods: satinets, medium quality",per yard,Ohio,Canton,.75,1861,100
"Dry goods: satinets, medium quality",per yard,Ohio,Canton,.75,1862,133
"Dry goods: satinets, medium quality",per yard,Ohio,Canton,.75,1863,167
"Dry goods: satinets, medium quality",per yard,Ohio,Canton,.75,1864,200
"Dry goods: satinets, medium quality",per yard,Ohio,Canton,.75,1865,167
"Dry goods: satinets, medium quality",per yard,Ohio,Canton,.75,1866,133
"Dry goods: satinets, medium quality",per yard,Ohio,Cincinnati,.75,1860,100
"Dry goods: satinets, medium quality",per yard,Ohio,Cincinnati,.75,1861,100
"Dry goods: satinets, medium quality",per yard,Ohio,Cincinnati,.75,1862,107
"Dry goods: satinets, medium quality",per yard,Ohio,Cincinnati,.75,1863,113
"Dry goods: satinets, medium quality",per yard,Ohio,Cincinnati,.75,1864,120
"Dry goods: satinets, medium quality",per yard,Ohio,Cincinnati,.75,1865,133
"Dry goods: satinets, medium quality",per yard,Ohio,Cincinnati,.75,1866,133
"Dry goods: satinets, medium quality",per yard,Ohio,Zanesville,.40,1860,100
"Dry goods: satinets, medium quality",per yard,Ohio,Zanesville,.40,1861,100
"Dry goods: satinets, medium quality",per yard,Ohio,Zanesville,.40,1862,150
"Dry goods: satinets, medium quality",per yard,Ohio,Zanesville,.40,1863,250
"Dry goods: satinets, medium quality",per yard,Ohio,Zanesville,.40,1864,213
"Dry goods: satinets, medium quality",per yard,Ohio,Zanesville,.40,1865,163
"Dry goods: satinets, medium quality",per yard,Ohio,Zanesville,.40,1866,150
"Dry goods: satinets, medium quality",per yard,Ind,Jeffersonville,.75,1860,100
"Dry goods: satinets, medium quality",per yard,Ind,Jeffersonville,.75,1861,133
"Dry goods: satinets, medium quality",per yard,Ind,Jeffersonville,.75,1862,133
"Dry goods: satinets, medium quality",per yard,Ind,Jeffersonville,.75,1863,133
"Dry goods: satinets, medium quality",per yard,Ind,Jeffersonville,.75,1864,133
"Dry goods: satinets, medium quality",per yard,Ind,Jeffersonville,.75,1865,133
"Dry goods: satinets, medium quality",per yard,Ind,Jeffersonville,.75,1866,133
"Dry goods: satinets, medium quality",per yard,Ind,Lawrenceburg,.70,1860,100
"Dry goods: satinets, medium quality",per yard,Ind,Lawrenceburg,.70,1861,107
"Dry goods: satinets, medium quality",per yard,Ind,Lawrenceburg,.70,1862,179
"Dry goods: satinets, medium quality",per yard,Ind,Lawrenceburg,.70,1863,179
"Dry goods: satinets, medium quality",per yard,Ind,Lawrenceburg,.70,1864,214
"Dry goods: satinets, medium quality",per yard,Ind,Lawrenceburg,.70,1865,143
"Dry goods: satinets, medium quality",per yard,Ind,Lawrenceburg,.70,1866,143
"Dry goods: satinets, medium quality",per yard,Ind,New Albany,.625,1860,100
"Dry goods: satinets, medium quality",per yard,Ind,New Albany,.625,1861,100
"Dry goods: satinets, medium quality",per yard,Ind,New Albany,.625,1862,120
"Dry goods: satinets, medium quality",per yard,Ind,New Albany,.625,1863,172
"Dry goods: satinets, medium quality",per yard,Ind,New Albany,.625,1864,172
"Dry goods: satinets, medium quality",per yard,Ind,New Albany,.625,1865,144
"Dry goods: satinets, medium quality",per yard,Ind,New Albany,.625,1866,144
"Dry goods: satinets, medium quality",per yard,Ill,Bloomington,.75,1860,100
"Dry goods: satinets, medium quality",per yard,Ill,Bloomington,.75,1861,87
"Dry goods: satinets, medium quality",per yard,Ill,Bloomington,.75,1862,100
"Dry goods: satinets, medium quality",per yard,Ill,Bloomington,.75,1863,133
"Dry goods: satinets, medium quality",per yard,Ill,Bloomington,.75,1864,133
"Dry goods: satinets, medium quality",per yard,Ill,Bloomington,.75,1865,167
"Dry goods: satinets, medium quality",per yard,Ill,Bloomington,.75,1866,133
"Dry goods: sheetings, bleached, 9x8, standard quality",per yard,Mass,Woburn,0.14,1860,100
"Dry goods: sheetings, bleached, 9x8, standard quality",per yard,Mass,Woburn,0.14,1861,114
"Dry goods: sheetings, bleached, 9x8, standard quality",per yard,Mass,Woburn,0.14,1862,321
"Dry goods: sheetings, bleached, 9x8, standard quality",per yard,Mass,Woburn,0.14,1863,357
"Dry goods: sheetings, bleached, 9x8, standard quality",per yard,Mass,Woburn,0.14,1864,250
"Dry goods: sheetings, bleached, 9x8, standard quality",per yard,Mass,Woburn,0.14,1865,286
"Dry goods: sheetings, bleached, 9x8, standard quality",per yard,Mass,Woburn,0.14,1866,271
"Dry goods: sheetings, bleached, 9x8, standard quality",per yard,Pa,New Castle,.17,1860,100
"Dry goods: sheetings, bleached, 9x8, standard quality",per yard,Pa,New Castle,.17,1861,118
"Dry goods: sheetings, bleached, 9x8, standard quality",per yard,Pa,New Castle,.17,1862,165
"Dry goods: sheetings, bleached, 9x8, standard quality",per yard,Pa,New Castle,.17,1863,294
"Dry goods: sheetings, bleached, 9x8, standard quality",per yard,Pa,New Castle,.17,1864,353
"Dry goods: sheetings, bleached, 9x8, standard quality",per yard,Pa,New Castle,.17,1865,353
"Dry goods: sheetings, bleached, 9x8, standard quality",per yard,Pa,New Castle,.17,1866,324
"Dry goods: sheetings, bleached, 9x8, standard quality",per yard,W. Va,New Cumberland,.10,1860,100
"Dry goods: sheetings, bleached, 9x8, standard quality",per yard,W. Va,New Cumberland,.10,1861,200
"Dry goods: sheetings, bleached, 9x8, standard quality",per yard,W. Va,New Cumberland,.10,1862,350
"Dry goods: sheetings, bleached, 9x8, standard quality",per yard,W. Va,New Cumberland,.10,1863,450
"Dry goods: sheetings, bleached, 9x8, standard quality",per yard,W. Va,New Cumberland,.10,1864,500
"Dry goods: sheetings, bleached, 9x8, standard quality",per yard,W. Va,New Cumberland,.10,1865,600
"Dry goods: sheetings, bleached, 9x8, standard quality",per yard,W. Va,New Cumberland,.10,1866,500
"Dry goods: sheetings, bleached, 9x8, standard quality",per yard,W. Va,Wheeling,.15,1860,100
"Dry goods: sheetings, bleached, 9x8, standard quality",per yard,W. Va,Wheeling,.15,1861,107
"Dry goods: sheetings, bleached, 9x8, standard quality",per yard,W. Va,Wheeling,.15,1862,233
"Dry goods: sheetings, bleached, 9x8, standard quality",per yard,W. Va,Wheeling,.15,1863,333
"Dry goods: sheetings, bleached, 9x8, standard quality",per yard,W. Va,Wheeling,.15,1864,533
"Dry goods: sheetings, bleached, 9x8, standard quality",per yard,W. Va,Wheeling,.15,1865,400
"Dry goods: sheetings, bleached, 9x8, standard quality",per yard,W. Va,Wheeling,.15,1866,300
"Dry goods: sheetings, bleached, 9x8, standard quality",per yard,Ohio,Canton,.15,1860,100
"Dry goods: sheetings, bleached, 9x8, standard quality",per yard,Ohio,Canton,.15,1861,100
"Dry goods: sheetings, bleached, 9x8, standard quality",per yard,Ohio,Canton,.15,1862,250
"Dry goods: sheetings, bleached, 9x8, standard quality",per yard,Ohio,Canton,.15,1863,367
"Dry goods: sheetings, bleached, 9x8, standard quality",per yard,Ohio,Canton,.15,1864,533
"Dry goods: sheetings, bleached, 9x8, standard quality",per yard,Ohio,Canton,.15,1865,467
"Dry goods: sheetings, bleached, 9x8, standard quality",per yard,Ohio,Canton,.15,1866,367
"Dry goods: sheetings, bleached, 9x8, standard quality",per yard,Ohio,Cincinnati,.25,1860,100
"Dry goods: sheetings, bleached, 9x8, standard quality",per yard,Ohio,Cincinnati,.25,1861,110
"Dry goods: sheetings, bleached, 9x8, standard quality",per yard,Ohio,Cincinnati,.25,1862,130
"Dry goods: sheetings, bleached, 9x8, standard quality",per yard,Ohio,Cincinnati,.25,1863,150
"Dry goods: sheetings, bleached, 9x8, standard quality",per yard,Ohio,Cincinnati,.25,1864,160
"Dry goods: sheetings, bleached, 9x8, standard quality",per yard,Ohio,Cincinnati,.25,1865,170
"Dry goods: sheetings, bleached, 9x8, standard quality",per yard,Ohio,Cincinnati,.25,1866,160
"Dry goods: sheetings, bleached, 9x8, standard quality",per yard,Ohio,Zanesville,.13,1860,100
"Dry goods: sheetings, bleached, 9x8, standard quality",per yard,Ohio,Zanesville,.13,1861,138
"Dry goods: sheetings, bleached, 9x8, standard quality",per yard,Ohio,Zanesville,.13,1862,169
"Dry goods: sheetings, bleached, 9x8, standard quality",per yard,Ohio,Zanesville,.13,1863,231
"Dry goods: sheetings, bleached, 9x8, standard quality",per yard,Ohio,Zanesville,.13,1864,577
"Dry goods: sheetings, bleached, 9x8, standard quality",per yard,Ohio,Zanesville,.13,1865,346
"Dry goods: sheetings, bleached, 9x8, standard quality",per yard,Ohio,Zanesville,.13,1866,269
"Dry goods: sheetings, bleached, 9x8, standard quality",per yard,Ind,Lawrenceburg,.30,1860,100
"Dry goods: sheetings, bleached, 9x8, standard quality",per yard,Ind,Lawrenceburg,.30,1861,107
"Dry goods: sheetings, bleached, 9x8, standard quality",per yard,Ind,Lawrenceburg,.30,1862,217
"Dry goods: sheetings, bleached, 9x8, standard quality",per yard,Ind,Lawrenceburg,.30,1863,317
"Dry goods: sheetings, bleached, 9x8, standard quality",per yard,Ind,Lawrenceburg,.30,1864,333
"Dry goods: sheetings, bleached, 9x8, standard quality",per yard,Ind,Lawrenceburg,.30,1865,283
"Dry goods: sheetings, bleached, 9x8, standard quality",per yard,Ind,Lawrenceburg,.30,1866,300
"Dry goods: sheetings, bleached, 9x8, standard quality",per yard,Ind,New Albany,.095,1860,100
"Dry goods: sheetings, bleached, 9x8, standard quality",per yard,Ind,New Albany,.095,1861,111
"Dry goods: sheetings, bleached, 9x8, standard quality",per yard,Ind,New Albany,.095,1862,242
"Dry goods: sheetings, bleached, 9x8, standard quality",per yard,Ind,New Albany,.095,1863,400
"Dry goods: sheetings, bleached, 9x8, standard quality",per yard,Ind,New Albany,.095,1864,579
"Dry goods: sheetings, bleached, 9x8, standard quality",per yard,Ind,New Albany,.095,1865,474
"Dry goods: sheetings, bleached, 9x8, standard quality",per yard,Ind,New Albany,.095,1866,421
"Dry goods: sheetings, bleached, 9x8, standard quality",per yard,Ill,Bloomington,.15,1860,100
"Dry goods: sheetings, bleached, 9x8, standard quality",per yard,Ill,Bloomington,.15,1861,133
"Dry goods: sheetings, bleached, 9x8, standard quality",per yard,Ill,Bloomington,.15,1862,200
"Dry goods: sheetings, bleached, 9x8, standard quality",per yard,Ill,Bloomington,.15,1863,300
"Dry goods: sheetings, bleached, 9x8, standard quality",per yard,Ill,Bloomington,.15,1864,400
"Dry goods: sheetings, bleached, 9x8, standard quality",per yard,Ill,Bloomington,.15,1865,433
"Dry goods: sheetings, bleached, 9x8, standard quality",per yard,Ill,Bloomington,.15,1866,300
"Dry goods: sheetings, brown, 9x8, standard quality",per yard,Mass,Woburn,0.13,1860,100
"Dry goods: sheetings, brown, 9x8, standard quality",per yard,Mass,Woburn,0.13,1861,115
"Dry goods: sheetings, brown, 9x8, standard quality",per yard,Mass,Woburn,0.13,1862,308
"Dry goods: sheetings, brown, 9x8, standard quality",per yard,Mass,Woburn,0.13,1863,346
"Dry goods: sheetings, brown, 9x8, standard quality",per yard,Mass,Woburn,0.13,1864,308
"Dry goods: sheetings, brown, 9x8, standard quality",per yard,Mass,Woburn,0.13,1865,346
"Dry goods: sheetings, brown, 9x8, standard quality",per yard,Mass,Woburn,0.13,1866,308
"Dry goods: sheetings, brown, 9x8, standard quality",per yard,Pa,New Castle,.125,1860,100
"Dry goods: sheetings, brown, 9x8, standard quality",per yard,Pa,New Castle,.125,1861,120
"Dry goods: sheetings, brown, 9x8, standard quality",per yard,Pa,New Castle,.125,1862,200
"Dry goods: sheetings, brown, 9x8, standard quality",per yard,Pa,New Castle,.125,1863,360
"Dry goods: sheetings, brown, 9x8, standard quality",per yard,Pa,New Castle,.125,1864,440
"Dry goods: sheetings, brown, 9x8, standard quality",per yard,Pa,New Castle,.125,1865,400
"Dry goods: sheetings, brown, 9x8, standard quality",per yard,Pa,New Castle,.125,1866,240
"Dry goods: sheetings, brown, 9x8, standard quality",per yard,W. Va,New Cumberland,.08,1860,100
"Dry goods: sheetings, brown, 9x8, standard quality",per yard,W. Va,New Cumberland,.08,1861,225
"Dry goods: sheetings, brown, 9x8, standard quality",per yard,W. Va,New Cumberland,.08,1862,375
"Dry goods: sheetings, brown, 9x8, standard quality",per yard,W. Va,New Cumberland,.08,1863,500
"Dry goods: sheetings, brown, 9x8, standard quality",per yard,W. Va,New Cumberland,.08,1864,625
"Dry goods: sheetings, brown, 9x8, standard quality",per yard,W. Va,New Cumberland,.08,1865,625
"Dry goods: sheetings, brown, 9x8, standard quality",per yard,W. Va,New Cumberland,.08,1866,500
"Dry goods: sheetings, brown, 9x8, standard quality",per yard,W. Va,Wheeling,.125,1860,100
"Dry goods: sheetings, brown, 9x8, standard quality",per yard,W. Va,Wheeling,.125,1861,120
"Dry goods: sheetings, brown, 9x8, standard quality",per yard,W. Va,Wheeling,.125,1862,240
"Dry goods: sheetings, brown, 9x8, standard quality",per yard,W. Va,Wheeling,.125,1863,360
"Dry goods: sheetings, brown, 9x8, standard quality",per yard,W. Va,Wheeling,.125,1864,600
"Dry goods: sheetings, brown, 9x8, standard quality",per yard,W. Va,Wheeling,.125,1865,400
"Dry goods: sheetings, brown, 9x8, standard quality",per yard,W. Va,Wheeling,.125,1866,320
"Dry goods: sheetings, brown, 9x8, standard quality",per yard,Ohio,Canton,.125,1860,100
"Dry goods: sheetings, brown, 9x8, standard quality",per yard,Ohio,Canton,.125,1861,96
"Dry goods: sheetings, brown, 9x8, standard quality",per yard,Ohio,Canton,.125,1862,280
"Dry goods: sheetings, brown, 9x8, standard quality",per yard,Ohio,Canton,.125,1863,400
"Dry goods: sheetings, brown, 9x8, standard quality",per yard,Ohio,Canton,.125,1864,600
"Dry goods: sheetings, brown, 9x8, standard quality",per yard,Ohio,Canton,.125,1865,520
"Dry goods: sheetings, brown, 9x8, standard quality",per yard,Ohio,Canton,.125,1866,400
"Dry goods: sheetings, brown, 9x8, standard quality",per yard,Ohio,Cincinnati,.20,1860,100
"Dry goods: sheetings, brown, 9x8, standard quality",per yard,Ohio,Cincinnati,.20,1861,125
"Dry goods: sheetings, brown, 9x8, standard quality",per yard,Ohio,Cincinnati,.20,1862,150
"Dry goods: sheetings, brown, 9x8, standard quality",per yard,Ohio,Cincinnati,.20,1863,175
"Dry goods: sheetings, brown, 9x8, standard quality",per yard,Ohio,Cincinnati,.20,1864,190
"Dry goods: sheetings, brown, 9x8, standard quality",per yard,Ohio,Cincinnati,.20,1865,200
"Dry goods: sheetings, brown, 9x8, standard quality",per yard,Ohio,Cincinnati,.20,1866,190
"Dry goods: sheetings, brown, 9x8, standard quality",per yard,Ohio,Zanesville,.13,1860,100
"Dry goods: sheetings, brown, 9x8, standard quality",per yard,Ohio,Zanesville,.13,1861,138
"Dry goods: sheetings, brown, 9x8, standard quality",per yard,Ohio,Zanesville,.13,1862,169
"Dry goods: sheetings, brown, 9x8, standard quality",per yard,Ohio,Zanesville,.13,1863,231
"Dry goods: sheetings, brown, 9x8, standard quality",per yard,Ohio,Zanesville,.13,1864,562
"Dry goods: sheetings, brown, 9x8, standard quality",per yard,Ohio,Zanesville,.13,1865,308
"Dry goods: sheetings, brown, 9x8, standard quality",per yard,Ohio,Zanesville,.13,1866,269
"Dry goods: sheetings, brown, 9x8, standard quality",per yard,Ind,Jeffersonville,.15,1860,100
"Dry goods: sheetings, brown, 9x8, standard quality",per yard,Ind,Jeffersonville,.15,1861,167
"Dry goods: sheetings, brown, 9x8, standard quality",per yard,Ind,Jeffersonville,.15,1862,167
"Dry goods: sheetings, brown, 9x8, standard quality",per yard,Ind,Jeffersonville,.15,1863,167
"Dry goods: sheetings, brown, 9x8, standard quality",per yard,Ind,Jeffersonville,.15,1864,167
"Dry goods: sheetings, brown, 9x8, standard quality",per yard,Ind,Jeffersonville,.15,1865,167
"Dry goods: sheetings, brown, 9x8, standard quality",per yard,Ind,Jeffersonville,.15,1866,167
"Dry goods: sheetings, brown, 9x8, standard quality",per yard,Ind,Lawrenceburg,.28,1860,100
"Dry goods: sheetings, brown, 9x8, standard quality",per yard,Ind,Lawrenceburg,.28,1861,107
"Dry goods: sheetings, brown, 9x8, standard quality",per yard,Ind,Lawrenceburg,.28,1862,214
"Dry goods: sheetings, brown, 9x8, standard quality",per yard,Ind,Lawrenceburg,.28,1863,321
"Dry goods: sheetings, brown, 9x8, standard quality",per yard,Ind,Lawrenceburg,.28,1864,357
"Dry goods: sheetings, brown, 9x8, standard quality",per yard,Ind,Lawrenceburg,.28,1865,304
"Dry goods: sheetings, brown, 9x8, standard quality",per yard,Ind,Lawrenceburg,.28,1866,321
"Dry goods: sheetings, brown, 9x8, standard quality",per yard,Ind,New Albany,.0775,1860,100
"Dry goods: sheetings, brown, 9x8, standard quality",per yard,Ind,New Albany,.0775,1861,135
"Dry goods: sheetings, brown, 9x8, standard quality",per yard,Ind,New Albany,.0775,1862,232
"Dry goods: sheetings, brown, 9x8, standard quality",per yard,Ind,New Albany,.0775,1863,684
"Dry goods: sheetings, brown, 9x8, standard quality",per yard,Ind,New Albany,.0775,1864,877
"Dry goods: sheetings, brown, 9x8, standard quality",per yard,Ind,New Albany,.0775,1865,684
"Dry goods: sheetings, brown, 9x8, standard quality",per yard,Ind,New Albany,.0775,1866,555
"Dry goods: sheetings, brown, 9x8, standard quality",per yard,Ill,Bloomington,.15,1860,100
"Dry goods: sheetings, brown, 9x8, standard quality",per yard,Ill,Bloomington,.15,1861,133
"Dry goods: sheetings, brown, 9x8, standard quality",per yard,Ill,Bloomington,.15,1862,233
"Dry goods: sheetings, brown, 9x8, standard quality",per yard,Ill,Bloomington,.15,1863,333
"Dry goods: sheetings, brown, 9x8, standard quality",per yard,Ill,Bloomington,.15,1864,433
"Dry goods: sheetings, brown, 9x8, standard quality",per yard,Ill,Bloomington,.15,1865,500
"Dry goods: sheetings, brown, 9x8, standard quality",per yard,Ill,Bloomington,.15,1866,333
"Dry goods: shirtings, bleached, 4x4, standard quality",per yard,Mass,Woburn,0.125,1860,100
"Dry goods: shirtings, bleached, 4x4, standard quality",per yard,Mass,Woburn,0.125,1861,104
"Dry goods: shirtings, bleached, 4x4, standard quality",per yard,Mass,Woburn,0.125,1862,320
"Dry goods: shirtings, bleached, 4x4, standard quality",per yard,Mass,Woburn,0.125,1863,360
"Dry goods: shirtings, bleached, 4x4, standard quality",per yard,Mass,Woburn,0.125,1864,280
"Dry goods: shirtings, bleached, 4x4, standard quality",per yard,Mass,Woburn,0.125,1865,240
"Dry goods: shirtings, bleached, 4x4, standard quality",per yard,Mass,Woburn,0.125,1866,240
"Dry goods: shirtings, bleached, 4x4, standard quality",per yard,Conn,Jewett City,.16,1860,100
"Dry goods: shirtings, bleached, 4x4, standard quality",per yard,Conn,Jewett City,.16,1861,81
"Dry goods: shirtings, bleached, 4x4, standard quality",per yard,Conn,Jewett City,.16,1862,100
"Dry goods: shirtings, bleached, 4x4, standard quality",per yard,Conn,Jewett City,.16,1863,234
"Dry goods: shirtings, bleached, 4x4, standard quality",per yard,Conn,Jewett City,.16,1864,375
"Dry goods: shirtings, bleached, 4x4, standard quality",per yard,Conn,Jewett City,.16,1865,419
"Dry goods: shirtings, bleached, 4x4, standard quality",per yard,Conn,Jewett City,.16,1866,344
"Dry goods: shirtings, bleached, 4x4, standard quality",per yard,Pa,New Castle,.15,1860,100
"Dry goods: shirtings, bleached, 4x4, standard quality",per yard,Pa,New Castle,.15,1861,120
"Dry goods: shirtings, bleached, 4x4, standard quality",per yard,Pa,New Castle,.15,1862,167
"Dry goods: shirtings, bleached, 4x4, standard quality",per yard,Pa,New Castle,.15,1863,300
"Dry goods: shirtings, bleached, 4x4, standard quality",per yard,Pa,New Castle,.15,1864,373
"Dry goods: shirtings, bleached, 4x4, standard quality",per yard,Pa,New Castle,.15,1865,367
"Dry goods: shirtings, bleached, 4x4, standard quality",per yard,Pa,New Castle,.15,1866,333
"Dry goods: shirtings, bleached, 4x4, standard quality",per yard,W. Va,New Cumberland,.08,1860,100
"Dry goods: shirtings, bleached, 4x4, standard quality",per yard,W. Va,New Cumberland,.08,1861,225
"Dry goods: shirtings, bleached, 4x4, standard quality",per yard,W. Va,New Cumberland,.08,1862,375
"Dry goods: shirtings, bleached, 4x4, standard quality",per yard,W. Va,New Cumberland,.08,1863,500
"Dry goods: shirtings, bleached, 4x4, standard quality",per yard,W. Va,New Cumberland,.08,1864,625
"Dry goods: shirtings, bleached, 4x4, standard quality",per yard,W. Va,New Cumberland,.08,1865,625
"Dry goods: shirtings, bleached, 4x4, standard quality",per yard,W. Va,New Cumberland,.08,1866,500
"Dry goods: shirtings, bleached, 4x4, standard quality",per yard,W. Va,Wheeling,.10,1860,100
"Dry goods: shirtings, bleached, 4x4, standard quality",per yard,W. Va,Wheeling,.10,1861,150
"Dry goods: shirtings, bleached, 4x4, standard quality",per yard,W. Va,Wheeling,.10,1862,300
"Dry goods: shirtings, bleached, 4x4, standard quality",per yard,W. Va,Wheeling,.10,1863,400
"Dry goods: shirtings, bleached, 4x4, standard quality",per yard,W. Va,Wheeling,.10,1864,800
"Dry goods: shirtings, bleached, 4x4, standard quality",per yard,W. Va,Wheeling,.10,1865,500
"Dry goods: shirtings, bleached, 4x4, standard quality",per yard,W. Va,Wheeling,.10,1866,400
"Dry goods: shirtings, bleached, 4x4, standard quality",per yard,Ohio,Canton,.125,1860,100
"Dry goods: shirtings, bleached, 4x4, standard quality",per yard,Ohio,Canton,.125,1861,120
"Dry goods: shirtings, bleached, 4x4, standard quality",per yard,Ohio,Canton,.125,1862,240
"Dry goods: shirtings, bleached, 4x4, standard quality",per yard,Ohio,Canton,.125,1863,400
"Dry goods: shirtings, bleached, 4x4, standard quality",per yard,Ohio,Canton,.125,1864,600
"Dry goods: shirtings, bleached, 4x4, standard quality",per yard,Ohio,Canton,.125,1865,480
"Dry goods: shirtings, bleached, 4x4, standard quality",per yard,Ohio,Canton,.125,1866,360
"Dry goods: shirtings, bleached, 4x4, standard quality",per yard,Ohio,Cincinnati,.15,1860,100
"Dry goods: shirtings, bleached, 4x4, standard quality",per yard,Ohio,Cincinnati,.15,1861,83
"Dry goods: shirtings, bleached, 4x4, standard quality",per yard,Ohio,Cincinnati,.15,1862,90
"Dry goods: shirtings, bleached, 4x4, standard quality",per yard,Ohio,Cincinnati,.15,1863,133
"Dry goods: shirtings, bleached, 4x4, standard quality",per yard,Ohio,Cincinnati,.15,1864,267
"Dry goods: shirtings, bleached, 4x4, standard quality",per yard,Ohio,Cincinnati,.15,1865,267
"Dry goods: shirtings, bleached, 4x4, standard quality",per yard,Ohio,Cincinnati,.15,1866,300
"Dry goods: shirtings, bleached, 4x4, standard quality",per yard,Ohio,Zanesville,.10,1860,100
"Dry goods: shirtings, bleached, 4x4, standard quality",per yard,Ohio,Zanesville,.10,1861,150
"Dry goods: shirtings, bleached, 4x4, standard quality",per yard,Ohio,Zanesville,.10,1862,200
"Dry goods: shirtings, bleached, 4x4, standard quality",per yard,Ohio,Zanesville,.10,1863,300
"Dry goods: shirtings, bleached, 4x4, standard quality",per yard,Ohio,Zanesville,.10,1864,650
"Dry goods: shirtings, bleached, 4x4, standard quality",per yard,Ohio,Zanesville,.10,1865,350
"Dry goods: shirtings, bleached, 4x4, standard quality",per yard,Ohio,Zanesville,.10,1866,300
"Dry goods: shirtings, bleached, 4x4, standard quality",per yard,Ind,Evansville,.10,1860,100
"Dry goods: shirtings, bleached, 4x4, standard quality",per yard,Ind,Evansville,.10,1861,100
"Dry goods: shirtings, bleached, 4x4, standard quality",per yard,Ind,Evansville,.10,1862,125
"Dry goods: shirtings, bleached, 4x4, standard quality",per yard,Ind,Evansville,.10,1863,350
"Dry goods: shirtings, bleached, 4x4, standard quality",per yard,Ind,Evansville,.10,1864,600
"Dry goods: shirtings, bleached, 4x4, standard quality",per yard,Ind,Evansville,.10,1865,650
"Dry goods: shirtings, bleached, 4x4, standard quality",per yard,Ind,Evansville,.10,1866,400
"Dry goods: shirtings, bleached, 4x4, standard quality",per yard,Ind,Jeffersonville,.125,1860,100
"Dry goods: shirtings, bleached, 4x4, standard quality",per yard,Ind,Jeffersonville,.125,1861,120
"Dry goods: shirtings, bleached, 4x4, standard quality",per yard,Ind,Jeffersonville,.125,1862,160
"Dry goods: shirtings, bleached, 4x4, standard quality",per yard,Ind,Jeffersonville,.125,1863,280
"Dry goods: shirtings, bleached, 4x4, standard quality",per yard,Ind,Jeffersonville,.125,1864,440
"Dry goods: shirtings, bleached, 4x4, standard quality",per yard,Ind,Jeffersonville,.125,1865,600
"Dry goods: shirtings, bleached, 4x4, standard quality",per yard,Ind,Jeffersonville,.125,1866,528
"Dry goods: shirtings, bleached, 4x4, standard quality",per yard,Ind,Lawrenceburg,.125,1860,100
"Dry goods: shirtings, bleached, 4x4, standard quality",per yard,Ind,Lawrenceburg,.125,1861,120
"Dry goods: shirtings, bleached, 4x4, standard quality",per yard,Ind,Lawrenceburg,.125,1862,176
"Dry goods: shirtings, bleached, 4x4, standard quality",per yard,Ind,Lawrenceburg,.125,1863,360
"Dry goods: shirtings, bleached, 4x4, standard quality",per yard,Ind,Lawrenceburg,.125,1864,600
"Dry goods: shirtings, bleached, 4x4, standard quality",per yard,Ind,Lawrenceburg,.125,1865,360
"Dry goods: shirtings, bleached, 4x4, standard quality",per yard,Ind,Lawrenceburg,.125,1866,320
"Dry goods: shirtings, bleached, 4x4, standard quality",per yard,Ind,New Albany,.085,1860,100
"Dry goods: shirtings, bleached, 4x4, standard quality",per yard,Ind,New Albany,.085,1861,112
"Dry goods: shirtings, bleached, 4x4, standard quality",per yard,Ind,New Albany,.085,1862,235
"Dry goods: shirtings, bleached, 4x4, standard quality",per yard,Ind,New Albany,.085,1863,412
"Dry goods: shirtings, bleached, 4x4, standard quality",per yard,Ind,New Albany,.085,1864,588
"Dry goods: shirtings, bleached, 4x4, standard quality",per yard,Ind,New Albany,.085,1865,471
"Dry goods: shirtings, bleached, 4x4, standard quality",per yard,Ind,New Albany,.085,1866,412
"Dry goods: shirtings, bleached, 4x4, standard quality",per yard,Ill,Bloomington,.125,1860,100
"Dry goods: shirtings, bleached, 4x4, standard quality",per yard,Ill,Bloomington,.125,1861,120
"Dry goods: shirtings, bleached, 4x4, standard quality",per yard,Ill,Bloomington,.125,1862,200
"Dry goods: shirtings, bleached, 4x4, standard quality",per yard,Ill,Bloomington,.125,1863,320
"Dry goods: shirtings, bleached, 4x4, standard quality",per yard,Ill,Bloomington,.125,1864,440
"Dry goods: shirtings, bleached, 4x4, standard quality",per yard,Ill,Bloomington,.125,1865,480
"Dry goods: shirtings, bleached, 4x4, standard quality",per yard,Ill,Bloomington,.125,1866,320
"Dry goods: shirtings, brown, 4x4, standard quality",per yard,Mass,Woburn,0.11,1860,100
"Dry goods: shirtings, brown, 4x4, standard quality",per yard,Mass,Woburn,0.11,1861,100
"Dry goods: shirtings, brown, 4x4, standard quality",per yard,Mass,Woburn,0.11,1862,318
"Dry goods: shirtings, brown, 4x4, standard quality",per yard,Mass,Woburn,0.11,1863,409
"Dry goods: shirtings, brown, 4x4, standard quality",per yard,Mass,Woburn,0.11,1864,227
"Dry goods: shirtings, brown, 4x4, standard quality",per yard,Mass,Woburn,0.11,1865,227
"Dry goods: shirtings, brown, 4x4, standard quality",per yard,Mass,Woburn,0.11,1866,227
"Dry goods: shirtings, brown, 4x4, standard quality",per yard,Conn,Jewett City,.125,1860,100
"Dry goods: shirtings, brown, 4x4, standard quality",per yard,Conn,Jewett City,.125,1861,88
"Dry goods: shirtings, brown, 4x4, standard quality",per yard,Conn,Jewett City,.125,1862,112
"Dry goods: shirtings, brown, 4x4, standard quality",per yard,Conn,Jewett City,.125,1863,280
"Dry goods: shirtings, brown, 4x4, standard quality",per yard,Conn,Jewett City,.125,1864,400
"Dry goods: shirtings, brown, 4x4, standard quality",per yard,Conn,Jewett City,.125,1865,440
"Dry goods: shirtings, brown, 4x4, standard quality",per yard,Conn,Jewett City,.125,1866,360
"Dry goods: shirtings, brown, 4x4, standard quality",per yard,Pa,New Castle,.10,1860,100
"Dry goods: shirtings, brown, 4x4, standard quality",per yard,Pa,New Castle,.10,1861,120
"Dry goods: shirtings, brown, 4x4, standard quality",per yard,Pa,New Castle,.10,1862,220
"Dry goods: shirtings, brown, 4x4, standard quality",per yard,Pa,New Castle,.10,1863,400
"Dry goods: shirtings, brown, 4x4, standard quality",per yard,Pa,New Castle,.10,1864,500
"Dry goods: shirtings, brown, 4x4, standard quality",per yard,Pa,New Castle,.10,1865,450
"Dry goods: shirtings, brown, 4x4, standard quality",per yard,Pa,New Castle,.10,1866,250
"Dry goods: shirtings, brown, 4x4, standard quality",per yard,W. Va,New Cumberland,.06,1860,100
"Dry goods: shirtings, brown, 4x4, standard quality",per yard,W. Va,New Cumberland,.06,1861,250
"Dry goods: shirtings, brown, 4x4, standard quality",per yard,W. Va,New Cumberland,.06,1862,417
"Dry goods: shirtings, brown, 4x4, standard quality",per yard,W. Va,New Cumberland,.06,1863,500
"Dry goods: shirtings, brown, 4x4, standard quality",per yard,W. Va,New Cumberland,.06,1864,667
"Dry goods: shirtings, brown, 4x4, standard quality",per yard,W. Va,New Cumberland,.06,1865,667
"Dry goods: shirtings, brown, 4x4, standard quality",per yard,W. Va,New Cumberland,.06,1866,500
"Dry goods: shirtings, brown, 4x4, standard quality",per yard,W. Va,Wheeling,.10,1860,100
"Dry goods: shirtings, brown, 4x4, standard quality",per yard,W. Va,Wheeling,.10,1861,125
"Dry goods: shirtings, brown, 4x4, standard quality",per yard,W. Va,Wheeling,.10,1862,250
"Dry goods: shirtings, brown, 4x4, standard quality",per yard,W. Va,Wheeling,.10,1863,400
"Dry goods: shirtings, brown, 4x4, standard quality",per yard,W. Va,Wheeling,.10,1864,750
"Dry goods: shirtings, brown, 4x4, standard quality",per yard,W. Va,Wheeling,.10,1865,500
"Dry goods: shirtings, brown, 4x4, standard quality",per yard,W. Va,Wheeling,.10,1866,400
"Dry goods: shirtings, brown, 4x4, standard quality",per yard,Ohio,Canton,.09,1860,110
"Dry goods: shirtings, brown, 4x4, standard quality",per yard,Ohio,Canton,.09,1861,111
"Dry goods: shirtings, brown, 4x4, standard quality",per yard,Ohio,Canton,.09,1862,222
"Dry goods: shirtings, brown, 4x4, standard quality",per yard,Ohio,Canton,.09,1863,556
"Dry goods: shirtings, brown, 4x4, standard quality",per yard,Ohio,Canton,.09,1864,833
"Dry goods: shirtings, brown, 4x4, standard quality",per yard,Ohio,Canton,.09,1865,556
"Dry goods: shirtings, brown, 4x4, standard quality",per yard,Ohio,Canton,.09,1866,444
"Dry goods: shirtings, brown, 4x4, standard quality",per yard,Ohio,Cincinnati,.10,1860,100
"Dry goods: shirtings, brown, 4x4, standard quality",per yard,Ohio,Cincinnati,.10,1861,150
"Dry goods: shirtings, brown, 4x4, standard quality",per yard,Ohio,Cincinnati,.10,1862,500
"Dry goods: shirtings, brown, 4x4, standard quality",per yard,Ohio,Cincinnati,.10,1863,600
"Dry goods: shirtings, brown, 4x4, standard quality",per yard,Ohio,Cincinnati,.10,1864,750
"Dry goods: shirtings, brown, 4x4, standard quality",per yard,Ohio,Cincinnati,.10,1865,750
"Dry goods: shirtings, brown, 4x4, standard quality",per yard,Ohio,Cincinnati,.10,1866,650
"Dry goods: shirtings, brown, 4x4, standard quality",per yard,Ohio,Zanesville,.10,1860,100
"Dry goods: shirtings, brown, 4x4, standard quality",per yard,Ohio,Zanesville,.10,1861,150
"Dry goods: shirtings, brown, 4x4, standard quality",per yard,Ohio,Zanesville,.10,1862,200
"Dry goods: shirtings, brown, 4x4, standard quality",per yard,Ohio,Zanesville,.10,1863,350
"Dry goods: shirtings, brown, 4x4, standard quality",per yard,Ohio,Zanesville,.10,1864,700
"Dry goods: shirtings, brown, 4x4, standard quality",per yard,Ohio,Zanesville,.10,1865,350
"Dry goods: shirtings, brown, 4x4, standard quality",per yard,Ohio,Zanesville,.10,1866,300
"Dry goods: shirtings, brown, 4x4, standard quality",per yard,Ind,Evansville,.085,1860,100
"Dry goods: shirtings, brown, 4x4, standard quality",per yard,Ind,Evansville,.085,1861,100
"Dry goods: shirtings, brown, 4x4, standard quality",per yard,Ind,Evansville,.085,1862,118
"Dry goods: shirtings, brown, 4x4, standard quality",per yard,Ind,Evansville,.085,1863,588
"Dry goods: shirtings, brown, 4x4, standard quality",per yard,Ind,Evansville,.085,1864,882
"Dry goods: shirtings, brown, 4x4, standard quality",per yard,Ind,Evansville,.085,1865,824
"Dry goods: shirtings, brown, 4x4, standard quality",per yard,Ind,Evansville,.085,1866,588
"Dry goods: shirtings, brown, 4x4, standard quality",per yard,Ind,Jeffersonville,.10,1860,100
"Dry goods: shirtings, brown, 4x4, standard quality",per yard,Ind,Jeffersonville,.10,1861,150
"Dry goods: shirtings, brown, 4x4, standard quality",per yard,Ind,Jeffersonville,.10,1862,200
"Dry goods: shirtings, brown, 4x4, standard quality",per yard,Ind,Jeffersonville,.10,1863,300
"Dry goods: shirtings, brown, 4x4, standard quality",per yard,Ind,Jeffersonville,.10,1864,500
"Dry goods: shirtings, brown, 4x4, standard quality",per yard,Ind,Jeffersonville,.10,1865,750
"Dry goods: shirtings, brown, 4x4, standard quality",per yard,Ind,Jeffersonville,.10,1866,600
"Dry goods: shirtings, brown, 4x4, standard quality",per yard,Ind,Lawrenceburg,.08,1860,100
"Dry goods: shirtings, brown, 4x4, standard quality",per yard,Ind,Lawrenceburg,.08,1861,113
"Dry goods: shirtings, brown, 4x4, standard quality",per yard,Ind,Lawrenceburg,.08,1862,225
"Dry goods: shirtings, brown, 4x4, standard quality",per yard,Ind,Lawrenceburg,.08,1863,563
"Dry goods: shirtings, brown, 4x4, standard quality",per yard,Ind,Lawrenceburg,.08,1864,813
"Dry goods: shirtings, brown, 4x4, standard quality",per yard,Ind,Lawrenceburg,.08,1865,500
"Dry goods: shirtings, brown, 4x4, standard quality",per yard,Ind,Lawrenceburg,.08,1866,500
"Dry goods: shirtings, brown, 4x4, standard quality",per yard,Ind,New Albany,.0675,1860,100
"Dry goods: shirtings, brown, 4x4, standard quality",per yard,Ind,New Albany,.0675,1861,111
"Dry goods: shirtings, brown, 4x4, standard quality",per yard,Ind,New Albany,.0675,1862,222
"Dry goods: shirtings, brown, 4x4, standard quality",per yard,Ind,New Albany,.0675,1863,741
"Dry goods: shirtings, brown, 4x4, standard quality",per yard,Ind,New Albany,.0675,1864,963
"Dry goods: shirtings, brown, 4x4, standard quality",per yard,Ind,New Albany,.0675,1865,741
"Dry goods: shirtings, brown, 4x4, standard quality",per yard,Ind,New Albany,.0675,1866,593
"Dry goods: shirtings, brown, 4x4, standard quality",per yard,Ill,Bloomington,.125,1860,100
"Dry goods: shirtings, brown, 4x4, standard quality",per yard,Ill,Bloomington,.125,1861,120
"Dry goods: shirtings, brown, 4x4, standard quality",per yard,Ill,Bloomington,.125,1862,240
"Dry goods: shirtings, brown, 4x4, standard quality",per yard,Ill,Bloomington,.125,1863,360
"Dry goods: shirtings, brown, 4x4, standard quality",per yard,Ill,Bloomington,.125,1864,480
"Dry goods: shirtings, brown, 4x4, standard quality",per yard,Ill,Bloomington,.125,1865,560
"Dry goods: shirtings, brown, 4x4, standard quality",per yard,Ill,Bloomington,.125,1866,360
"Dry goods: tickings, good quality",per yard,Mass,Woburn,0.17,1860,100
"Dry goods: tickings, good quality",per yard,Mass,Woburn,0.17,1861,118
"Dry goods: tickings, good quality",per yard,Mass,Woburn,0.17,1862,259
"Dry goods: tickings, good quality",per yard,Mass,Woburn,0.17,1863,259
"Dry goods: tickings, good quality",per yard,Mass,Woburn,0.17,1864,259
"Dry goods: tickings, good quality",per yard,Mass,Woburn,0.17,1865,265
"Dry goods: tickings, good quality",per yard,Mass,Woburn,0.17,1866,235
"Dry goods: tickings, good quality",per yard,Conn,Jewett City,.22,1860,100
"Dry goods: tickings, good quality",per yard,Conn,Jewett City,.22,1861,100
"Dry goods: tickings, good quality",per yard,Conn,Jewett City,.22,1862,114
"Dry goods: tickings, good quality",per yard,Conn,Jewett City,.22,1863,150
"Dry goods: tickings, good quality",per yard,Conn,Jewett City,.22,1864,250
"Dry goods: tickings, good quality",per yard,Conn,Jewett City,.22,1865,305
"Dry goods: tickings, good quality",per yard,Conn,Jewett City,.22,1866,273
"Dry goods: tickings, good quality",per yard,Pa,New Castle,.25,1860,100
"Dry goods: tickings, good quality",per yard,Pa,New Castle,.25,1861,120
"Dry goods: tickings, good quality",per yard,Pa,New Castle,.25,1862,180
"Dry goods: tickings, good quality",per yard,Pa,New Castle,.25,1863,220
"Dry goods: tickings, good quality",per yard,Pa,New Castle,.25,1864,300
"Dry goods: tickings, good quality",per yard,Pa,New Castle,.25,1865,272
"Dry goods: tickings, good quality",per yard,Pa,New Castle,.25,1866,260
"Dry goods: tickings, good quality",per yard,W. Va,New Cumberland,.28,1860,100
"Dry goods: tickings, good quality",per yard,W. Va,New Cumberland,.28,1861,143
"Dry goods: tickings, good quality",per yard,W. Va,New Cumberland,.28,1862,179
"Dry goods: tickings, good quality",per yard,W. Va,New Cumberland,.28,1863,250
"Dry goods: tickings, good quality",per yard,W. Va,New Cumberland,.28,1864,250
"Dry goods: tickings, good quality",per yard,W. Va,New Cumberland,.28,1865,268
"Dry goods: tickings, good quality",per yard,W. Va,New Cumberland,.28,1866,143
"Dry goods: tickings, good quality",per yard,W. Va,Wheeling,.25,1860,100
"Dry goods: tickings, good quality",per yard,W. Va,Wheeling,.25,1861,100
"Dry goods: tickings, good quality",per yard,W. Va,Wheeling,.25,1862,160
"Dry goods: tickings, good quality",per yard,W. Va,Wheeling,.25,1863,200
"Dry goods: tickings, good quality",per yard,W. Va,Wheeling,.25,1864,400
"Dry goods: tickings, good quality",per yard,W. Va,Wheeling,.25,1865,300
"Dry goods: tickings, good quality",per yard,W. Va,Wheeling,.25,1866,240
"Dry goods: tickings, good quality",per yard,Ohio,Canton,.25,1860,100
"Dry goods: tickings, good quality",per yard,Ohio,Canton,.25,1861,100
"Dry goods: tickings, good quality",per yard,Ohio,Canton,.25,1862,200
"Dry goods: tickings, good quality",per yard,Ohio,Canton,.25,1863,400
"Dry goods: tickings, good quality",per yard,Ohio,Canton,.25,1864,500
"Dry goods: tickings, good quality",per yard,Ohio,Canton,.25,1865,400
"Dry goods: tickings, good quality",per yard,Ohio,Canton,.25,1866,300
"Dry goods: tickings, good quality",per yard,Ohio,Cincinnati,.225,1860,100
"Dry goods: tickings, good quality",per yard,Ohio,Cincinnati,.225,1861,156
"Dry goods: tickings, good quality",per yard,Ohio,Cincinnati,.225,1862,167
"Dry goods: tickings, good quality",per yard,Ohio,Cincinnati,.225,1863,178
"Dry goods: tickings, good quality",per yard,Ohio,Cincinnati,.225,1864,222
"Dry goods: tickings, good quality",per yard,Ohio,Cincinnati,.225,1865,333
"Dry goods: tickings, good quality",per yard,Ohio,Cincinnati,.225,1866,333
"Dry goods: tickings, good quality",per yard,Ohio,Zanesville,.25,1860,100
"Dry goods: tickings, good quality",per yard,Ohio,Zanesville,.25,1861,160
"Dry goods: tickings, good quality",per yard,Ohio,Zanesville,.25,1862,200
"Dry goods: tickings, good quality",per yard,Ohio,Zanesville,.25,1863,220
"Dry goods: tickings, good quality",per yard,Ohio,Zanesville,.25,1864,340
"Dry goods: tickings, good quality",per yard,Ohio,Zanesville,.25,1865,220
"Dry goods: tickings, good quality",per yard,Ohio,Zanesville,.25,1866,148
"Dry goods: tickings, good quality",per yard,Ind,Jeffersonville,.25,1860,100
"Dry goods: tickings, good quality",per yard,Ind,Jeffersonville,.25,1861,200
"Dry goods: tickings, good quality",per yard,Ind,Jeffersonville,.25,1862,200
"Dry goods: tickings, good quality",per yard,Ind,Jeffersonville,.25,1863,200
"Dry goods: tickings, good quality",per yard,Ind,Jeffersonville,.25,1864,200
"Dry goods: tickings, good quality",per yard,Ind,Jeffersonville,.25,1865,200
"Dry goods: tickings, good quality",per yard,Ind,Jeffersonville,.25,1866,200
"Dry goods: tickings, good quality",per yard,Ind,Lawrenceburg,.25,1860,100
"Dry goods: tickings, good quality",per yard,Ind,Lawrenceburg,.25,1861,100
"Dry goods: tickings, good quality",per yard,Ind,Lawrenceburg,.25,1862,160
"Dry goods: tickings, good quality",per yard,Ind,Lawrenceburg,.25,1863,200
"Dry goods: tickings, good quality",per yard,Ind,Lawrenceburg,.25,1864,360
"Dry goods: tickings, good quality",per yard,Ind,Lawrenceburg,.25,1865,300
"Dry goods: tickings, good quality",per yard,Ind,Lawrenceburg,.25,1866,320
"Dry goods: tickings, good quality",per yard,Ind,New Albany,.17,1860,100
"Dry goods: tickings, good quality",per yard,Ind,New Albany,.17,1861,118
"Dry goods: tickings, good quality",per yard,Ind,New Albany,.17,1862,206
"Dry goods: tickings, good quality",per yard,Ind,New Albany,.17,1863,294
"Dry goods: tickings, good quality",per yard,Ind,New Albany,.17,1864,441
"Dry goods: tickings, good quality",per yard,Ind,New Albany,.17,1865,382
"Dry goods: tickings, good quality",per yard,Ind,New Albany,.17,1866,294
"Dry goods: tickings, good quality",per yard,Ill,Bloomington,.18,1860,100
"Dry goods: tickings, good quality",per yard,Ill,Bloomington,.18,1861,139
"Dry goods: tickings, good quality",per yard,Ill,Bloomington,.18,1862,222
"Dry goods: tickings, good quality",per yard,Ill,Bloomington,.18,1863,278
"Dry goods: tickings, good quality",per yard,Ill,Bloomington,.18,1864,500
"Dry goods: tickings, good quality",per yard,Ill,Bloomington,.18,1865,639
"Dry goods: tickings, good quality",per yard,Ill,Bloomington,.18,1866,500
"Groceries: coffee, Rio, green",per lb,Mass,Boston,0.13,1860,100
"Groceries: coffee, Rio, green",per lb,Mass,Boston,0.13,1861,108
"Groceries: coffee, Rio, green",per lb,Mass,Boston,0.13,1862,172
"Groceries: coffee, Rio, green",per lb,Mass,Boston,0.13,1863,197
"Groceries: coffee, Rio, green",per lb,Mass,Boston,0.13,1864,319
"Groceries: coffee, Rio, green",per lb,Mass,Boston,0.13,1865,254
"Groceries: coffee, Rio, green",per lb,Mass,Boston,0.13,1866,205
"Groceries: coffee, Rio, green",per lb,Pa,Philadelphia,.11,1861,100
"Groceries: coffee, Rio, green",per lb,Pa,Philadelphia,.11,1862,118
"Groceries: coffee, Rio, green",per lb,Pa,Philadelphia,.11,1863,155
"Groceries: coffee, Rio, green",per lb,Pa,Philadelphia,.11,1864,291
"Groceries: coffee, Rio, green",per lb,Pa,Philadelphia,.11,1865,318
"Groceries: coffee, Rio, green",per lb,Pa,Philadelphia,.11,1866,309
"Groceries: coffee, Rio, green",per lb,Md,Baltimore,.16,1860,100
"Groceries: coffee, Rio, green",per lb,Md,Baltimore,.16,1861,100
"Groceries: coffee, Rio, green",per lb,Md,Baltimore,.16,1862,150
"Groceries: coffee, Rio, green",per lb,Md,Baltimore,.16,1863,219
"Groceries: coffee, Rio, green",per lb,Md,Baltimore,.16,1864,250
"Groceries: coffee, Rio, green",per lb,Md,Baltimore,.16,1865,219
"Groceries: coffee, Rio, green",per lb,Md,Baltimore,.16,1866,188
"Groceries: coffee, Rio, green",per lb,W. Va,New Cumberland,.12,1860,100
"Groceries: coffee, Rio, green",per lb,W. Va,New Cumberland,.12,1861,125
"Groceries: coffee, Rio, green",per lb,W. Va,New Cumberland,.12,1862,150
"Groceries: coffee, Rio, green",per lb,W. Va,New Cumberland,.12,1863,167
"Groceries: coffee, Rio, green",per lb,W. Va,New Cumberland,.12,1864,208
"Groceries: coffee, Rio, green",per lb,W. Va,New Cumberland,.12,1865,208
"Groceries: coffee, Rio, green",per lb,W. Va,New Cumberland,.12,1866,167
"Groceries: coffee, Rio, green",per lb,Ohio,Canton,.16,1860,100
"Groceries: coffee, Rio, green",per lb,Ohio,Canton,.16,1861,94
"Groceries: coffee, Rio, green",per lb,Ohio,Canton,.16,1862,125
"Groceries: coffee, Rio, green",per lb,Ohio,Canton,.16,1863,250
"Groceries: coffee, Rio, green",per lb,Ohio,Canton,.16,1864,313
"Groceries: coffee, Rio, green",per lb,Ohio,Canton,.16,1865,250
"Groceries: coffee, Rio, green",per lb,Ohio,Canton,.16,1866,250
"Groceries: coffee, Rio, green",per lb,Ohio,Springfield,.15,1860,100
"Groceries: coffee, Rio, green",per lb,Ohio,Springfield,.15,1861,80
"Groceries: coffee, Rio, green",per lb,Ohio,Springfield,.15,1862,100
"Groceries: coffee, Rio, green",per lb,Ohio,Springfield,.15,1863,100
"Groceries: coffee, Rio, green",per lb,Ohio,Springfield,.15,1864,167
"Groceries: coffee, Rio, green",per lb,Ohio,Springfield,.15,1865,267
"Groceries: coffee, Rio, green",per lb,Ohio,Springfield,.15,1866,333
"Groceries: coffee, Rio, green",per lb,Ohio,Zanesville,.15,1860,100
"Groceries: coffee, Rio, green",per lb,Ohio,Zanesville,.15,1861,100
"Groceries: coffee, Rio, green",per lb,Ohio,Zanesville,.15,1862,100
"Groceries: coffee, Rio, green",per lb,Ohio,Zanesville,.15,1863,133
"Groceries: coffee, Rio, green",per lb,Ohio,Zanesville,.15,1864,167
"Groceries: coffee, Rio, green",per lb,Ohio,Zanesville,.15,1865,167
"Groceries: coffee, Rio, green",per lb,Ohio,Zanesville,.15,1866,200
"Groceries: coffee, Rio, green",per lb,Ind,Lawrenceburg,.25,1860,100
"Groceries: coffee, Rio, green",per lb,Ind,Lawrenceburg,.25,1861,100
"Groceries: coffee, Rio, green",per lb,Ind,Lawrenceburg,.25,1862,140
"Groceries: coffee, Rio, green",per lb,Ind,Lawrenceburg,.25,1863,140
"Groceries: coffee, Rio, green",per lb,Ind,Lawrenceburg,.25,1864,160
"Groceries: coffee, Rio, green",per lb,Ind,Lawrenceburg,.25,1865,140
"Groceries: coffee, Rio, green",per lb,Ind,Lawrenceburg,.25,1866,160
"Groceries: coffee, Rio, green",per lb,Iowa,Cedar Rapids,.08,1861,100
"Groceries: coffee, Rio, green",per lb,Iowa,Cedar Rapids,.08,1862,125
"Groceries: coffee, Rio, green",per lb,Iowa,Cedar Rapids,.08,1863,313
"Groceries: coffee, Rio, green",per lb,Iowa,Cedar Rapids,.08,1864,438
"Groceries: coffee, Rio, green",per lb,Iowa,Cedar Rapids,.08,1865,438
"Groceries: coffee, Rio, green",per lb,Iowa,Cedar Rapids,.08,1866,375
"Groceries: molasses, New Orleans",per gallon,Pa,Philadelphia,0.40,1861,100
"Groceries: molasses, New Orleans",per gallon,Pa,Philadelphia,0.40,1862,125
"Groceries: molasses, New Orleans",per gallon,Pa,Philadelphia,0.40,1863,150
"Groceries: molasses, New Orleans",per gallon,Pa,Philadelphia,0.40,1864,175
"Groceries: molasses, New Orleans",per gallon,Pa,Philadelphia,0.40,1865,200
"Groceries: molasses, New Orleans",per gallon,Pa,Philadelphia,0.40,1866,275
"Groceries: molasses, New Orleans",per gallon,W. Va,New Cumberland,.40,1860,100
"Groceries: molasses, New Orleans",per gallon,W. Va,New Cumberland,.40,1861,125
"Groceries: molasses, New Orleans",per gallon,W. Va,New Cumberland,.40,1862,188
"Groceries: molasses, New Orleans",per gallon,W. Va,New Cumberland,.40,1863,225
"Groceries: molasses, New Orleans",per gallon,W. Va,New Cumberland,.40,1864,250
"Groceries: molasses, New Orleans",per gallon,W. Va,New Cumberland,.40,1865,225
"Groceries: molasses, New Orleans",per gallon,W. Va,New Cumberland,.40,1866,225
"Groceries: molasses, New Orleans",per gallon,Ohio,Canton,.40,1860,100
"Groceries: molasses, New Orleans",per gallon,Ohio,Canton,.40,1861,100
"Groceries: molasses, New Orleans",per gallon,Ohio,Canton,.40,1862,250
"Groceries: molasses, New Orleans",per gallon,Ohio,Canton,.40,1863,375
"Groceries: molasses, New Orleans",per gallon,Ohio,Canton,.40,1864,375
"Groceries: molasses, New Orleans",per gallon,Ohio,Canton,.40,1865,313
"Groceries: molasses, New Orleans",per gallon,Ohio,Canton,.40,1866,250
"Groceries: molasses, New Orleans",per gallon,Ohio,Zanesville,.50,1860,100
"Groceries: molasses, New Orleans",per gallon,Ohio,Zanesville,.50,1861,100
"Groceries: molasses, New Orleans",per gallon,Ohio,Zanesville,.50,1862,100
"Groceries: molasses, New Orleans",per gallon,Ohio,Zanesville,.50,1863,150
"Groceries: molasses, New Orleans",per gallon,Ohio,Zanesville,.50,1864,200
"Groceries: molasses, New Orleans",per gallon,Ohio,Zanesville,.50,1865,200
"Groceries: molasses, New Orleans",per gallon,Ohio,Zanesville,.50,1866,250
"Groceries: molasses, New Orleans",per gallon,Ind,Lawrenceburg,.60,1860,100
"Groceries: molasses, New Orleans",per gallon,Ind,Lawrenceburg,.60,1861,100
"Groceries: molasses, New Orleans",per gallon,Ind,Lawrenceburg,.60,1862,100
"Groceries: molasses, New Orleans",per gallon,Ind,Lawrenceburg,.60,1863,133
"Groceries: molasses, New Orleans",per gallon,Ind,Lawrenceburg,.60,1864,267
"Groceries: molasses, New Orleans",per gallon,Ind,Lawrenceburg,.60,1865,250
"Groceries: molasses, New Orleans",per gallon,Ind,Lawrenceburg,.60,1866,167
"Groceries: molasses, New Orleans",per gallon,Iowa,Cedar Rapids,.50,1861,100
"Groceries: molasses, New Orleans",per gallon,Iowa,Cedar Rapids,.50,1862,100
"Groceries: molasses, New Orleans",per gallon,Iowa,Cedar Rapids,.50,1863,120
"Groceries: molasses, New Orleans",per gallon,Iowa,Cedar Rapids,.50,1864,160
"Groceries: molasses, New Orleans",per gallon,Iowa,Cedar Rapids,.50,1865,220
"Groceries: molasses, New Orleans",per gallon,Iowa,Cedar Rapids,.50,1866,240
"Groceries: molasses, Porto Rico",per gallon,Mass,Boston,0.26,1861,100
"Groceries: molasses, Porto Rico",per gallon,Mass,Boston,0.26,1862,123
"Groceries: molasses, Porto Rico",per gallon,Mass,Boston,0.26,1863,180
"Groceries: molasses, Porto Rico",per gallon,Mass,Boston,0.26,1864,298
"Groceries: molasses, Porto Rico",per gallon,Mass,Boston,0.26,1865,245
"Groceries: molasses, Porto Rico",per gallon,Mass,Boston,0.26,1866,223
"Groceries: molasses, Porto Rico",per gallon,Pa,Philadelphia,.40,1861,100
"Groceries: molasses, Porto Rico",per gallon,Pa,Philadelphia,.40,1862,100
"Groceries: molasses, Porto Rico",per gallon,Pa,Philadelphia,.40,1863,125
"Groceries: molasses, Porto Rico",per gallon,Pa,Philadelphia,.40,1864,163
"Groceries: molasses, Porto Rico",per gallon,Pa,Philadelphia,.40,1865,200
"Groceries: molasses, Porto Rico",per gallon,Pa,Philadelphia,.40,1866,200
"Groceries: molasses, Porto Rico",per gallon,Md,Baltimore,.40,1860,100
"Groceries: molasses, Porto Rico",per gallon,Md,Baltimore,.40,1861,88
"Groceries: molasses, Porto Rico",per gallon,Md,Baltimore,.40,1862,100
"Groceries: molasses, Porto Rico",per gallon,Md,Baltimore,.40,1863,125
"Groceries: molasses, Porto Rico",per gallon,Md,Baltimore,.40,1864,250
"Groceries: molasses, Porto Rico",per gallon,Md,Baltimore,.40,1865,200
"Groceries: molasses, Porto Rico",per gallon,Md,Baltimore,.40,1866,200
"Groceries: molasses, Porto Rico",per gallon,W. Va,New Cumberland,.25,1860,100
"Groceries: molasses, Porto Rico",per gallon,W. Va,New Cumberland,.25,1861,200
"Groceries: molasses, Porto Rico",per gallon,W. Va,New Cumberland,.25,1862,240
"Groceries: molasses, Porto Rico",per gallon,W. Va,New Cumberland,.25,1863,320
"Groceries: molasses, Porto Rico",per gallon,W. Va,New Cumberland,.25,1864,360
"Groceries: molasses, Porto Rico",per gallon,W. Va,New Cumberland,.25,1865,320
"Groceries: molasses, Porto Rico",per gallon,W. Va,New Cumberland,.25,1866,360
"Groceries: molasses, Porto Rico",per gallon,Ohio,Canton,.35,1861,100
"Groceries: molasses, Porto Rico",per gallon,Ohio,Canton,.35,1862,171
"Groceries: molasses, Porto Rico",per gallon,Ohio,Canton,.35,1863,357
"Groceries: molasses, Porto Rico",per gallon,Ohio,Canton,.35,1864,357
"Groceries: molasses, Porto Rico",per gallon,Ohio,Canton,.35,1865,286
"Groceries: molasses, Porto Rico",per gallon,Ohio,Canton,.35,1866,243
"Groceries: molasses, Porto Rico",per gallon,Ohio,Springfield,.50,1861,100
"Groceries: molasses, Porto Rico",per gallon,Ohio,Springfield,.50,1862,120
"Groceries: molasses, Porto Rico",per gallon,Ohio,Springfield,.50,1863,150
"Groceries: molasses, Porto Rico",per gallon,Ohio,Springfield,.50,1864,150
"Groceries: molasses, Porto Rico",per gallon,Ohio,Springfield,.50,1865,150
"Groceries: molasses, Porto Rico",per gallon,Ohio,Springfield,.50,1866,160
"Groceries: molasses, Porto Rico",per gallon,Ohio,Zanesville,.55,1860,100
"Groceries: molasses, Porto Rico",per gallon,Ohio,Zanesville,.55,1861,109
"Groceries: molasses, Porto Rico",per gallon,Ohio,Zanesville,.55,1862,109
"Groceries: molasses, Porto Rico",per gallon,Ohio,Zanesville,.55,1863,154
"Groceries: molasses, Porto Rico",per gallon,Ohio,Zanesville,.55,1864,218
"Groceries: molasses, Porto Rico",per gallon,Ohio,Zanesville,.55,1865,227
"Groceries: molasses, Porto Rico",per gallon,Ohio,Zanesville,.55,1866,227
"Groceries: molasses, Porto Rico",per gallon,Ind,Lawrenceburg,.40,1860,100
"Groceries: molasses, Porto Rico",per gallon,Ind,Lawrenceburg,.40,1861,125
"Groceries: molasses, Porto Rico",per gallon,Ind,Lawrenceburg,.40,1862,125
"Groceries: molasses, Porto Rico",per gallon,Ind,Lawrenceburg,.40,1863,188
"Groceries: molasses, Porto Rico",per gallon,Ind,Lawrenceburg,.40,1864,250
"Groceries: molasses, Porto Rico",per gallon,Ind,Lawrenceburg,.40,1865,250
"Groceries: molasses, Porto Rico",per gallon,Ind,Lawrenceburg,.40,1866,200
"Groceries: molasses, Porto Rico",per gallon,Iowa,Cedar Rapids,.30,1861,100
"Groceries: molasses, Porto Rico",per gallon,Iowa,Cedar Rapids,.30,1862,100
"Groceries: molasses, Porto Rico",per gallon,Iowa,Cedar Rapids,.30,1863,133
"Groceries: molasses, Porto Rico",per gallon,Iowa,Cedar Rapids,.30,1864,133
"Groceries: molasses, Porto Rico",per gallon,Iowa,Cedar Rapids,.30,1865,167
"Groceries: molasses, Porto Rico",per gallon,Iowa,Cedar Rapids,.30,1866,167
Groceries: sirup,per gallon,Pa,Philadelphia,0.50,1861,100
Groceries: sirup,per gallon,Pa,Philadelphia,0.50,1862,110
Groceries: sirup,per gallon,Pa,Philadelphia,0.50,1863,110
Groceries: sirup,per gallon,Pa,Philadelphia,0.50,1864,120
Groceries: sirup,per gallon,Pa,Philadelphia,0.50,1865,160
Groceries: sirup,per gallon,Pa,Philadelphia,0.50,1866,180
Groceries: sirup,per gallon,Md,Baltimore,.60,1860,100
Groceries: sirup,per gallon,Md,Baltimore,.60,1861,100
Groceries: sirup,per gallon,Md,Baltimore,.60,1862,100
Groceries: sirup,per gallon,Md,Baltimore,.60,1863,117
Groceries: sirup,per gallon,Md,Baltimore,.60,1864,233
Groceries: sirup,per gallon,Md,Baltimore,.60,1865,233
Groceries: sirup,per gallon,Md,Baltimore,.60,1866,167
Groceries: sirup,per gallon,W. Va,New Cumberland,.40,1860,100
Groceries: sirup,per gallon,W. Va,New Cumberland,.40,1861,125
Groceries: sirup,per gallon,W. Va,New Cumberland,.40,1862,188
Groceries: sirup,per gallon,W. Va,New Cumberland,.40,1863,250
Groceries: sirup,per gallon,W. Va,New Cumberland,.40,1864,313
Groceries: sirup,per gallon,W. Va,New Cumberland,.40,1865,250
Groceries: sirup,per gallon,W. Va,New Cumberland,.40,1866,250
Groceries: sirup,per gallon,Ohio,Springfield,.60,1860,100
Groceries: sirup,per gallon,Ohio,Springfield,.60,1861,125
Groceries: sirup,per gallon,Ohio,Springfield,.60,1862,133
Groceries: sirup,per gallon,Ohio,Springfield,.60,1863,167
Groceries: sirup,per gallon,Ohio,Springfield,.60,1864,208
Groceries: sirup,per gallon,Ohio,Springfield,.60,1865,250
Groceries: sirup,per gallon,Ohio,Springfield,.60,1866,250
Groceries: sirup,per gallon,Ohio,Zanesville,.75,1860,100
Groceries: sirup,per gallon,Ohio,Zanesville,.75,1861,80
Groceries: sirup,per gallon,Ohio,Zanesville,.75,1862,80
Groceries: sirup,per gallon,Ohio,Zanesville,.75,1863,120
Groceries: sirup,per gallon,Ohio,Zanesville,.75,1864,167
Groceries: sirup,per gallon,Ohio,Zanesville,.75,1865,167
Groceries: sirup,per gallon,Ohio,Zanesville,.75,1866,200
Groceries: sirup,per gallon,Ind,Lawrenceburg,.80,1860,100
Groceries: sirup,per gallon,Ind,Lawrenceburg,.80,1861,94
Groceries: sirup,per gallon,Ind,Lawrenceburg,.80,1862,100
Groceries: sirup,per gallon,Ind,Lawrenceburg,.80,1863,125
Groceries: sirup,per gallon,Ind,Lawrenceburg,.80,1864,125
Groceries: sirup,per gallon,Ind,Lawrenceburg,.80,1865,125
Groceries: sirup,per gallon,Ind,Lawrenceburg,.80,1866,150
Groceries: sirup,per gallon,Ia,Cedar Rapids,.50,1861,100
Groceries: sirup,per gallon,Ia,Cedar Rapids,.50,1862,120
Groceries: sirup,per gallon,Ia,Cedar Rapids,.50,1863,120
Groceries: sirup,per gallon,Ia,Cedar Rapids,.50,1864,140
Groceries: sirup,per gallon,Ia,Cedar Rapids,.50,1865,140
Groceries: sirup,per gallon,Ia,Cedar Rapids,.50,1866,200
"Groceries: codfish, dry",per lb,Conn,Jewett City,0.05,1860,100
"Groceries: codfish, dry",per lb,Conn,Jewett City,0.05,1861,80
"Groceries: codfish, dry",per lb,Conn,Jewett City,0.05,1862,100
"Groceries: codfish, dry",per lb,Conn,Jewett City,0.05,1863,130
"Groceries: codfish, dry",per lb,Conn,Jewett City,0.05,1864,160
"Groceries: codfish, dry",per lb,Conn,Jewett City,0.05,1865,160
"Groceries: codfish, dry",per lb,Conn,Jewett City,0.05,1866,160
"Groceries: codfish, dry",per lb,Pa,Philadelphia,.04,1861,100
"Groceries: codfish, dry",per lb,Pa,Philadelphia,.04,1862,100
"Groceries: codfish, dry",per lb,Pa,Philadelphia,.04,1863,125
"Groceries: codfish, dry",per lb,Pa,Philadelphia,.04,1864,150
"Groceries: codfish, dry",per lb,Pa,Philadelphia,.04,1865,175
"Groceries: codfish, dry",per lb,Pa,Philadelphia,.04,1866,225
"Groceries: codfish, dry",per lb,W. Va,New Cumberland,.06,1860,100
"Groceries: codfish, dry",per lb,W. Va,New Cumberland,.06,1861,133
"Groceries: codfish, dry",per lb,W. Va,New Cumberland,.06,1862,167
"Groceries: codfish, dry",per lb,W. Va,New Cumberland,.06,1863,167
"Groceries: codfish, dry",per lb,W. Va,New Cumberland,.06,1864,167
"Groceries: codfish, dry",per lb,W. Va,New Cumberland,.06,1865,167
"Groceries: codfish, dry",per lb,W. Va,New Cumberland,.06,1866,167
"Groceries: codfish, dry",per lb,Ohio,Canton,.10,1860,100
"Groceries: codfish, dry",per lb,Ohio,Canton,.10,1861,100
"Groceries: codfish, dry",per lb,Ohio,Canton,.10,1862,100
"Groceries: codfish, dry",per lb,Ohio,Canton,.10,1863,100
"Groceries: codfish, dry",per lb,Ohio,Canton,.10,1864,100
"Groceries: codfish, dry",per lb,Ohio,Canton,.10,1865,100
"Groceries: codfish, dry",per lb,Ohio,Canton,.10,1866,100
"Groceries: codfish, dry",per lb,Ohio,Zanesville,.05,1860,100
"Groceries: codfish, dry",per lb,Ohio,Zanesville,.05,1861,100
"Groceries: codfish, dry",per lb,Ohio,Zanesville,.05,1862,100
"Groceries: codfish, dry",per lb,Ohio,Zanesville,.05,1863,140
"Groceries: codfish, dry",per lb,Ohio,Zanesville,.05,1864,160
"Groceries: codfish, dry",per lb,Ohio,Zanesville,.05,1865,200
"Groceries: codfish, dry",per lb,Ohio,Zanesville,.05,1866,200
"Groceries: codfish, dry",per lb,Ind,Lawrenceburg,.10,1860,100
"Groceries: codfish, dry",per lb,Ind,Lawrenceburg,.10,1861,100
"Groceries: codfish, dry",per lb,Ind,Lawrenceburg,.10,1862,100
"Groceries: codfish, dry",per lb,Ind,Lawrenceburg,.10,1863,100
"Groceries: codfish, dry",per lb,Ind,Lawrenceburg,.10,1864,120
"Groceries: codfish, dry",per lb,Ind,Lawrenceburg,.10,1865,120
"Groceries: codfish, dry",per lb,Ind,Lawrenceburg,.10,1866,100
"Groceries: codfish, dry",per lb,Iowa,Cedar Rapids,.06,1861,100
"Groceries: codfish, dry",per lb,Iowa,Cedar Rapids,.06,1862,117
"Groceries: codfish, dry",per lb,Iowa,Cedar Rapids,.06,1863,133
"Groceries: codfish, dry",per lb,Iowa,Cedar Rapids,.06,1864,175
"Groceries: codfish, dry",per lb,Iowa,Cedar Rapids,.06,1865,208
"Groceries: codfish, dry",per lb,Iowa,Cedar Rapids,.06,1866,208
"Groceries: sugar, yellow C",per lb,Pa,Philadelphia,0.07,1861,100
"Groceries: sugar, yellow C",per lb,Pa,Philadelphia,0.07,1862,114
"Groceries: sugar, yellow C",per lb,Pa,Philadelphia,0.07,1863,143
"Groceries: sugar, yellow C",per lb,Pa,Philadelphia,0.07,1864,171
"Groceries: sugar, yellow C",per lb,Pa,Philadelphia,0.07,1865,214
"Groceries: sugar, yellow C",per lb,Pa,Philadelphia,0.07,1866,229
"Groceries: sugar, yellow C",per lb,W. Va,New Cumberland,.07,1860,100
"Groceries: sugar, yellow C",per lb,W. Va,New Cumberland,.07,1861,171
"Groceries: sugar, yellow C",per lb,W. Va,New Cumberland,.07,1862,200
"Groceries: sugar, yellow C",per lb,W. Va,New Cumberland,.07,1863,200
"Groceries: sugar, yellow C",per lb,W. Va,New Cumberland,.07,1864,200
"Groceries: sugar, yellow C",per lb,W. Va,New Cumberland,.07,1865,200
"Groceries: sugar, yellow C",per lb,W. Va,New Cumberland,.07,1866,171
"Groceries: sugar, yellow C",per lb,Ohio,Canton,.10,1860,100
"Groceries: sugar, yellow C",per lb,Ohio,Canton,.10,1861,80
"Groceries: sugar, yellow C",per lb,Ohio,Canton,.10,1862,125
"Groceries: sugar, yellow C",per lb,Ohio,Canton,.10,1863,150
"Groceries: sugar, yellow C",per lb,Ohio,Canton,.10,1864,250
"Groceries: sugar, yellow C",per lb,Ohio,Canton,.10,1865,200
"Groceries: sugar, yellow C",per lb,Ohio,Canton,.10,1866,160
"Groceries: sugar, yellow C",per lb,Ohio,Springfield,.10,1860,100
"Groceries: sugar, yellow C",per lb,Ohio,Springfield,.10,1861,100
"Groceries: sugar, yellow C",per lb,Ohio,Springfield,.10,1862,100
"Groceries: sugar, yellow C",per lb,Ohio,Springfield,.10,1863,150
"Groceries: sugar, yellow C",per lb,Ohio,Springfield,.10,1864,150
"Groceries: sugar, yellow C",per lb,Ohio,Springfield,.10,1865,200
"Groceries: sugar, yellow C",per lb,Ohio,Springfield,.10,1866,250
"Groceries: sugar, yellow C",per lb,Ohio,Zanesville,.10,1860,100
"Groceries: sugar, yellow C",per lb,Ohio,Zanesville,.10,1861,100
"Groceries: sugar, yellow C",per lb,Ohio,Zanesville,.10,1862,150
"Groceries: sugar, yellow C",per lb,Ohio,Zanesville,.10,1863,200
"Groceries: sugar, yellow C",per lb,Ohio,Zanesville,.10,1864,200
"Groceries: sugar, yellow C",per lb,Ohio,Zanesville,.10,1865,250
"Groceries: sugar, yellow C",per lb,Ohio,Zanesville,.10,1866,200
"Groceries: sugar, yellow C",per lb,Ind,Lawrenceburg,.12,1860,100
"Groceries: sugar, yellow C",per lb,Ind,Lawrenceburg,.12,1861,100
"Groceries: sugar, yellow C",per lb,Ind,Lawrenceburg,.12,1862,100
"Groceries: sugar, yellow C",per lb,Ind,Lawrenceburg,.12,1863,100
"Groceries: sugar, yellow C",per lb,Ind,Lawrenceburg,.12,1864,117
"Groceries: sugar, yellow C",per lb,Ind,Lawrenceburg,.12,1865,117
"Groceries: sugar, yellow C",per lb,Ind,Lawrenceburg,.12,1866,117
"Groceries: sugar, yellow C",per lb,Iowa,Cedar Rapids,.07,1861,100
"Groceries: sugar, yellow C",per lb,Iowa,Cedar Rapids,.07,1862,129
"Groceries: sugar, yellow C",per lb,Iowa,Cedar Rapids,.07,1863,129
"Groceries: sugar, yellow C",per lb,Iowa,Cedar Rapids,.07,1864,157
"Groceries: sugar, yellow C",per lb,Iowa,Cedar Rapids,.07,1865,157
"Groceries: sugar, yellow C",per lb,Iowa,Cedar Rapids,.07,1866,200
"Groceries: sugar, yellow B",per lb,Pa,Philadelphia,0.08,1861,100
"Groceries: sugar, yellow B",per lb,Pa,Philadelphia,0.08,1862,113
"Groceries: sugar, yellow B",per lb,Pa,Philadelphia,0.08,1863,138
"Groceries: sugar, yellow B",per lb,Pa,Philadelphia,0.08,1864,163
"Groceries: sugar, yellow B",per lb,Pa,Philadelphia,0.08,1865,200
"Groceries: sugar, yellow B",per lb,Pa,Philadelphia,0.08,1866,213
"Groceries: sugar, yellow B",per lb,W. Va,New Cumberland,.06,1860,100
"Groceries: sugar, yellow B",per lb,W. Va,New Cumberland,.06,1861,167
"Groceries: sugar, yellow B",per lb,W. Va,New Cumberland,.06,1862,200
"Groceries: sugar, yellow B",per lb,W. Va,New Cumberland,.06,1863,200
"Groceries: sugar, yellow B",per lb,W. Va,New Cumberland,.06,1864,200
"Groceries: sugar, yellow B",per lb,W. Va,New Cumberland,.06,1865,200
"Groceries: sugar, yellow B",per lb,W. Va,New Cumberland,.06,1866,200
"Groceries: sugar, yellow B",per lb,Ohio,Canton,.11,1860,100
"Groceries: sugar, yellow B",per lb,Ohio,Canton,.11,1861,73
"Groceries: sugar, yellow B",per lb,Ohio,Canton,.11,1862,114
"Groceries: sugar, yellow B",per lb,Ohio,Canton,.11,1863,145
"Groceries: sugar, yellow B",per lb,Ohio,Canton,.11,1864,227
"Groceries: sugar, yellow B",per lb,Ohio,Canton,.11,1865,182
"Groceries: sugar, yellow B",per lb,Ohio,Canton,.11,1866,136
"Groceries: sugar, yellow B",per lb,Ohio,Zanesville,.11,1860,100
"Groceries: sugar, yellow B",per lb,Ohio,Zanesville,.11,1861,109
"Groceries: sugar, yellow B",per lb,Ohio,Zanesville,.11,1862,164
"Groceries: sugar, yellow B",per lb,Ohio,Zanesville,.11,1863,200
"Groceries: sugar, yellow B",per lb,Ohio,Zanesville,.11,1864,200
"Groceries: sugar, yellow B",per lb,Ohio,Zanesville,.11,1865,227
"Groceries: sugar, yellow B",per lb,Ohio,Zanesville,.11,1866,227
"Groceries: sugar, yellow B",per lb,Ind,Lawrenceburg,.11,1860,100
"Groceries: sugar, yellow B",per lb,Ind,Lawrenceburg,.11,1861,100
"Groceries: sugar, yellow B",per lb,Ind,Lawrenceburg,.11,1862,100
"Groceries: sugar, yellow B",per lb,Ind,Lawrenceburg,.11,1863,100
"Groceries: sugar, yellow B",per lb,Ind,Lawrenceburg,.11,1864,109
"Groceries: sugar, yellow B",per lb,Ind,Lawrenceburg,.11,1865,109
"Groceries: sugar, yellow B",per lb,Ind,Lawrenceburg,.11,1866,109
"Groceries: sugar, yellow B",per lb,Iowa,Cedar Rapids,.08,1861,100
"Groceries: sugar, yellow B",per lb,Iowa,Cedar Rapids,.08,1862,125
"Groceries: sugar, yellow B",per lb,Iowa,Cedar Rapids,.08,1863,125
"Groceries: sugar, yellow B",per lb,Iowa,Cedar Rapids,.08,1864,150
"Groceries: sugar, yellow B",per lb,Iowa,Cedar Rapids,.08,1865,150
"Groceries: sugar, yellow B",per lb,Iowa,Cedar Rapids,.08,1866,156
Groceries: beans,per quart,Mass,Boston,0.06,1860,100
Groceries: beans,per quart,Mass,Boston,0.06,1861,100
Groceries: beans,per quart,Mass,Boston,0.06,1862,150
Groceries: beans,per quart,Mass,Boston,0.06,1863,167
Groceries: beans,per quart,Mass,Boston,0.06,1864,179
Groceries: beans,per quart,Mass,Boston,0.06,1865,142
Groceries: beans,per quart,Mass,Boston,0.06,1866,175
Groceries: beans,per quart,Conn,Jewett City,.06,1860,100
Groceries: beans,per quart,Conn,Jewett City,.06,1861,117
Groceries: beans,per quart,Conn,Jewett City,.06,1862,133
Groceries: beans,per quart,Conn,Jewett City,.06,1863,167
Groceries: beans,per quart,Conn,Jewett City,.06,1864,167
Groceries: beans,per quart,Conn,Jewett City,.06,1865,150
Groceries: beans,per quart,Conn,Jewett City,.06,1866,133
Groceries: beans,per quart,Pa,Philadelphia,.06,1861,100
Groceries: beans,per quart,Pa,Philadelphia,.06,1862,133
Groceries: beans,per quart,Pa,Philadelphia,.06,1863,167
Groceries: beans,per quart,Pa,Philadelphia,.06,1864,150
Groceries: beans,per quart,Pa,Philadelphia,.06,1865,200
Groceries: beans,per quart,Pa,Philadelphia,.06,1866,233
Groceries: beans,per quart,W. Va,New Cumberland,.07,1860,100
Groceries: beans,per quart,W. Va,New Cumberland,.07,1861,143
Groceries: beans,per quart,W. Va,New Cumberland,.07,1862,171
Groceries: beans,per quart,W. Va,New Cumberland,.07,1863,171
Groceries: beans,per quart,W. Va,New Cumberland,.07,1864,171
Groceries: beans,per quart,W. Va,New Cumberland,.07,1865,171
Groceries: beans,per quart,W. Va,New Cumberland,.07,1866,171
Groceries: beans,per quart,Ohio,Canton,.05,1860,100
Groceries: beans,per quart,Ohio,Canton,.05,1861,80
Groceries: beans,per quart,Ohio,Canton,.05,1862,100
Groceries: beans,per quart,Ohio,Canton,.05,1863,160
Groceries: beans,per quart,Ohio,Canton,.05,1864,200
Groceries: beans,per quart,Ohio,Canton,.05,1865,200
Groceries: beans,per quart,Ohio,Canton,.05,1866,160
Groceries: beans,per quart,Ohio,Springfield,.05,1860,100
Groceries: beans,per quart,Ohio,Springfield,.05,1861,100
Groceries: beans,per quart,Ohio,Springfield,.05,1862,100
Groceries: beans,per quart,Ohio,Springfield,.05,1863,100
Groceries: beans,per quart,Ohio,Springfield,.05,1864,160
Groceries: beans,per quart,Ohio,Springfield,.05,1865,160
Groceries: beans,per quart,Ohio,Springfield,.05,1866,160
Groceries: beans,per quart,Ohio,Zanesville,.06 1/4,1860,100
Groceries: beans,per quart,Ohio,Zanesville,.06 1/4,1861,96
Groceries: beans,per quart,Ohio,Zanesville,.06 1/4,1862,112
Groceries: beans,per quart,Ohio,Zanesville,.06 1/4,1863,128
Groceries: beans,per quart,Ohio,Zanesville,.06 1/4,1864,160
Groceries: beans,per quart,Ohio,Zanesville,.06 1/4,1865,160
Groceries: beans,per quart,Ohio,Zanesville,.06 1/4,1866,160
Groceries: beans,per quart,Ind,Lawrenceburg,.10,1860,100
Groceries: beans,per quart,Ind,Lawrenceburg,.10,1861,100
Groceries: beans,per quart,Ind,Lawrenceburg,.10,1862,100
Groceries: beans,per quart,Ind,Lawrenceburg,.10,1863,100
Groceries: beans,per quart,Ind,Lawrenceburg,.10,1864,100
Groceries: beans,per quart,Ind,Lawrenceburg,.10,1865,100
Groceries: beans,per quart,Ind,Lawrenceburg,.10,1866,120
Groceries: beans,per quart,Iowa,Cedar Rapids,.10,1861,100
Groceries: beans,per quart,Iowa,Cedar Rapids,.10,1862,100
Groceries: beans,per quart,Iowa,Cedar Rapids,.10,1863,120
Groceries: beans,per quart,Iowa,Cedar Rapids,.10,1864,120
Groceries: beans,per quart,Iowa,Cedar Rapids,.10,1865,125
Groceries: beans,per quart,Iowa,Cedar Rapids,.10,1866,125
"Groceries: soap, common",per lb,Pa,Philadelphia,0.06,1861,100
"Groceries: soap, common",per lb,Pa,Philadelphia,0.06,1862,117
"Groceries: soap, common",per lb,Pa,Philadelphia,0.06,1863,133
"Groceries: soap, common",per lb,Pa,Philadelphia,0.06,1864,150
"Groceries: soap, common",per lb,Pa,Philadelphia,0.06,1865,167
"Groceries: soap, common",per lb,Pa,Philadelphia,0.06,1866,167
"Groceries: soap, common",per lb,W. Va,New Cumberland,.06,1860,100
"Groceries: soap, common",per lb,W. Va,New Cumberland,.06,1861,117
"Groceries: soap, common",per lb,W. Va,New Cumberland,.06,1862,133
"Groceries: soap, common",per lb,W. Va,New Cumberland,.06,1863,133
"Groceries: soap, common",per lb,W. Va,New Cumberland,.06,1864,133
"Groceries: soap, common",per lb,W. Va,New Cumberland,.06,1865,117
"Groceries: soap, common",per lb,W. Va,New Cumberland,.06,1866,117
"Groceries: soap, common",per lb,Ohio,Canton,.08,1860,100
"Groceries: soap, common",per lb,Ohio,Canton,.08,1861,75
"Groceries: soap, common",per lb,Ohio,Canton,.08,1862,75
"Groceries: soap, common",per lb,Ohio,Canton,.08,1863,125
"Groceries: soap, common",per lb,Ohio,Canton,.08,1864,150
"Groceries: soap, common",per lb,Ohio,Canton,.08,1865,125
"Groceries: soap, common",per lb,Ohio,Canton,.08,1866,113
"Groceries: soap, common",per lb,Ohio,Springfield,.05,1860,100
"Groceries: soap, common",per lb,Ohio,Springfield,.05,1861,120
"Groceries: soap, common",per lb,Ohio,Springfield,.05,1862,160
"Groceries: soap, common",per lb,Ohio,Springfield,.05,1863,160
"Groceries: soap, common",per lb,Ohio,Springfield,.05,1864,160
"Groceries: soap, common",per lb,Ohio,Springfield,.05,1865,160
"Groceries: soap, common",per lb,Ohio,Springfield,.05,1866,160
"Groceries: soap, common",per lb,Ohio,Zanesville,.05,1860,100
"Groceries: soap, common",per lb,Ohio,Zanesville,.05,1861,100
"Groceries: soap, common",per lb,Ohio,Zanesville,.05,1862,120
"Groceries: soap, common",per lb,Ohio,Zanesville,.05,1863,200
"Groceries: soap, common",per lb,Ohio,Zanesville,.05,1864,200
"Groceries: soap, common",per lb,Ohio,Zanesville,.05,1865,200
"Groceries: soap, common",per lb,Ohio,Zanesville,.05,1866,200
"Groceries: soap, common",per lb,Ind,Lawrenceburg,.12,1860,100
"Groceries: soap, common",per lb,Ind,Lawrenceburg,.12,1861,67
"Groceries: soap, common",per lb,Ind,Lawrenceburg,.12,1862,83
"Groceries: soap, common",per lb,Ind,Lawrenceburg,.12,1863,125
"Groceries: soap, common",per lb,Ind,Lawrenceburg,.12,1864,125
"Groceries: soap, common",per lb,Ind,Lawrenceburg,.12,1865,125
"Groceries: soap, common",per lb,Ind,Lawrenceburg,.12,1866,125
"Groceries: soap, common",per lb,Iowa,Cedar Rapids,.04,1861,100
"Groceries: soap, common",per lb,Iowa,Cedar Rapids,.04,1862,100
"Groceries: soap, common",per lb,Iowa,Cedar Rapids,.04,1863,100
"Groceries: soap, common",per lb,Iowa,Cedar Rapids,.04,1864,150
"Groceries: soap, common",per lb,Iowa,Cedar Rapids,.04,1865,250
"Groceries: soap, common",per lb,Iowa,Cedar Rapids,.04,1866,375
"Groceries: sugar, good brown",per lb,Mass,Boston,0.06 15/16,1860,100
"Groceries: sugar, good brown",per lb,Mass,Boston,0.06 15/16,1861,99
"Groceries: sugar, good brown",per lb,Mass,Boston,0.06 15/16,1862,133
"Groceries: sugar, good brown",per lb,Mass,Boston,0.06 15/16,1863,175
"Groceries: sugar, good brown",per lb,Mass,Boston,0.06 15/16,1864,266
"Groceries: sugar, good brown",per lb,Mass,Boston,0.06 15/16,1865,225
"Groceries: sugar, good brown",per lb,Mass,Boston,0.06 15/16,1866,183
"Groceries: sugar, good brown",per lb,N. J.,Jersey City,.08,1860,100
"Groceries: sugar, good brown",per lb,N. J.,Jersey City,.08,1861,100
"Groceries: sugar, good brown",per lb,N. J.,Jersey City,.08,1862,113
"Groceries: sugar, good brown",per lb,N. J.,Jersey City,.08,1863,175
"Groceries: sugar, good brown",per lb,N. J.,Jersey City,.08,1864,250
"Groceries: sugar, good brown",per lb,N. J.,Jersey City,.08,1865,263
"Groceries: sugar, good brown",per lb,N. J.,Jersey City,.08,1866,300
"Groceries: sugar, good brown",per lb,Pa,Norristown,.07,1860,100
"Groceries: sugar, good brown",per lb,Pa,Norristown,.07,1861,100
"Groceries: sugar, good brown",per lb,Pa,Norristown,.07,1862,114
"Groceries: sugar, good brown",per lb,Pa,Norristown,.07,1863,157
"Groceries: sugar, good brown",per lb,Pa,Norristown,.07,1864,314
"Groceries: sugar, good brown",per lb,Pa,Norristown,.07,1865,186
"Groceries: sugar, good brown",per lb,Pa,Norristown,.07,1866,186
"Groceries: sugar, good brown",per lb,Pa,Philadelphia,.06,1861,100
"Groceries: sugar, good brown",per lb,Pa,Philadelphia,.06,1862,117
"Groceries: sugar, good brown",per lb,Pa,Philadelphia,.06,1863,150
"Groceries: sugar, good brown",per lb,Pa,Philadelphia,.06,1864,183
"Groceries: sugar, good brown",per lb,Pa,Philadelphia,.06,1865,233
"Groceries: sugar, good brown",per lb,Pa,Philadelphia,.06,1866,250
"Groceries: sugar, good brown",per lb,Md,Baltimore,.08,1860,100
"Groceries: sugar, good brown",per lb,Md,Baltimore,.08,1861,88
"Groceries: sugar, good brown",per lb,Md,Baltimore,.08,1862,125
"Groceries: sugar, good brown",per lb,Md,Baltimore,.08,1863,156
"Groceries: sugar, good brown",per lb,Md,Baltimore,.08,1864,250
"Groceries: sugar, good brown",per lb,Md,Baltimore,.08,1865,188
"Groceries: sugar, good brown",per lb,Md,Baltimore,.08,1866,175
"Groceries: sugar, good brown",per lb,W. Va,New Cumberland,.06,1860,100
"Groceries: sugar, good brown",per lb,W. Va,New Cumberland,.06,1861,167
"Groceries: sugar, good brown",per lb,W. Va,New Cumberland,.06,1862,200
"Groceries: sugar, good brown",per lb,W. Va,New Cumberland,.06,1863,200
"Groceries: sugar, good brown",per lb,W. Va,New Cumberland,.06,1864,200
"Groceries: sugar, good brown",per lb,W. Va,New Cumberland,.06,1865,200
"Groceries: sugar, good brown",per lb,W. Va,New Cumberland,.06,1866,200
"Groceries: sugar, good brown",per lb,Ohio,Canton,.08,1860,100
"Groceries: sugar, good brown",per lb,Ohio,Canton,.08,1861,75
"Groceries: sugar, good brown",per lb,Ohio,Canton,.08,1862,100
"Groceries: sugar, good brown",per lb,Ohio,Canton,.08,1863,150
"Groceries: sugar, good brown",per lb,Ohio,Canton,.08,1864,250
"Groceries: sugar, good brown",per lb,Ohio,Canton,.08,1865,250
"Groceries: sugar, good brown",per lb,Ohio,Canton,.08,1866,225
"Groceries: sugar, good brown",per lb,Ohio,Springfield,.09,1860,100
"Groceries: sugar, good brown",per lb,Ohio,Springfield,.09,1861,89
"Groceries: sugar, good brown",per lb,Ohio,Springfield,.09,1862,89
"Groceries: sugar, good brown",per lb,Ohio,Springfield,.09,1863,111
"Groceries: sugar, good brown",per lb,Ohio,Springfield,.09,1864,122
"Groceries: sugar, good brown",per lb,Ohio,Springfield,.09,1865,167
"Groceries: sugar, good brown",per lb,Ohio,Springfield,.09,1866,200
"Groceries: sugar, good brown",per lb,Ohio,Zanesville,.08,1860,100
"Groceries: sugar, good brown",per lb,Ohio,Zanesville,.08,1861,100
"Groceries: sugar, good brown",per lb,Ohio,Zanesville,.08,1862,125
"Groceries: sugar, good brown",per lb,Ohio,Zanesville,.08,1863,150
"Groceries: sugar, good brown",per lb,Ohio,Zanesville,.08,1864,225
"Groceries: sugar, good brown",per lb,Ohio,Zanesville,.08,1865,225
"Groceries: sugar, good brown",per lb,Ohio,Zanesville,.08,1866,225
"Groceries: sugar, good brown",per lb,Ind,Lawrenceburg,.10,1860,100
"Groceries: sugar, good brown",per lb,Ind,Lawrenceburg,.10,1861,100
"Groceries: sugar, good brown",per lb,Ind,Lawrenceburg,.10,1862,100
"Groceries: sugar, good brown",per lb,Ind,Lawrenceburg,.10,1863,100
"Groceries: sugar, good brown",per lb,Ind,Lawrenceburg,.10,1864,120
"Groceries: sugar, good brown",per lb,Ind,Lawrenceburg,.10,1865,110
"Groceries: sugar, good brown",per lb,Ind,Lawrenceburg,.10,1866,110
"Groceries: sugar, good brown",per lb,Iowa,Cedar Rapids,.06,1861,100
"Groceries: sugar, good brown",per lb,Iowa,Cedar Rapids,.06,1862,133
"Groceries: sugar, good brown",per lb,Iowa,Cedar Rapids,.06,1863,133
"Groceries: sugar, good brown",per lb,Iowa,Cedar Rapids,.06,1864,167
"Groceries: sugar, good brown",per lb,Iowa,Cedar Rapids,.06,1865,167
"Groceries: sugar, good brown",per lb,Iowa,Cedar Rapids,.06,1866,278
"Groceries: coffee, Rio, roasted",per lb,Pa,Philadelphia,0.16,1861,100
"Groceries: coffee, Rio, roasted",per lb,Pa,Philadelphia,0.16,1862,113
"Groceries: coffee, Rio, roasted",per lb,Pa,Philadelphia,0.16,1863,138
"Groceries: coffee, Rio, roasted",per lb,Pa,Philadelphia,0.16,1864,238
"Groceries: coffee, Rio, roasted",per lb,Pa,Philadelphia,0.16,1865,281
"Groceries: coffee, Rio, roasted",per lb,Pa,Philadelphia,0.16,1866,281
"Groceries: coffee, Rio, roasted",per lb,Md,Baltimore,.20,1860,100
"Groceries: coffee, Rio, roasted",per lb,Md,Baltimore,.20,1861,100
"Groceries: coffee, Rio, roasted",per lb,Md,Baltimore,.20,1862,150
"Groceries: coffee, Rio, roasted",per lb,Md,Baltimore,.20,1863,210
"Groceries: coffee, Rio, roasted",per lb,Md,Baltimore,.20,1864,250
"Groceries: coffee, Rio, roasted",per lb,Md,Baltimore,.20,1865,210
"Groceries: coffee, Rio, roasted",per lb,Md,Baltimore,.20,1866,180
"Groceries: coffee, Rio, roasted",per lb,W. Va,New Cumberland,.14,1860,100
"Groceries: coffee, Rio, roasted",per lb,W. Va,New Cumberland,.14,1861,143
"Groceries: coffee, Rio, roasted",per lb,W. Va,New Cumberland,.14,1862,179
"Groceries: coffee, Rio, roasted",per lb,W. Va,New Cumberland,.14,1863,179
"Groceries: coffee, Rio, roasted",per lb,W. Va,New Cumberland,.14,1864,214
"Groceries: coffee, Rio, roasted",per lb,W. Va,New Cumberland,.14,1865,214
"Groceries: coffee, Rio, roasted",per lb,W. Va,New Cumberland,.14,1866,179
"Groceries: coffee, Rio, roasted",per lb,Ohio,Springfield,.18,1860,100
"Groceries: coffee, Rio, roasted",per lb,Ohio,Springfield,.18,1861,100
"Groceries: coffee, Rio, roasted",per lb,Ohio,Springfield,.18,1862,100
"Groceries: coffee, Rio, roasted",per lb,Ohio,Springfield,.18,1863,100
"Groceries: coffee, Rio, roasted",per lb,Ohio,Springfield,.18,1864,167
"Groceries: coffee, Rio, roasted",per lb,Ohio,Springfield,.18,1865,250
"Groceries: coffee, Rio, roasted",per lb,Ohio,Springfield,.18,1866,333
"Groceries: coffee, Rio, roasted",per lb,Ohio,Zanesville,.16,1860,100
"Groceries: coffee, Rio, roasted",per lb,Ohio,Zanesville,.16,1861,94
"Groceries: coffee, Rio, roasted",per lb,Ohio,Zanesville,.16,1862,94
"Groceries: coffee, Rio, roasted",per lb,Ohio,Zanesville,.16,1863,113
"Groceries: coffee, Rio, roasted",per lb,Ohio,Zanesville,.16,1864,125
"Groceries: coffee, Rio, roasted",per lb,Ohio,Zanesville,.16,1865,125
"Groceries: coffee, Rio, roasted",per lb,Ohio,Zanesville,.16,1866,156
"Groceries: coffee, Rio, roasted",per lb,Ind,Lawrenceburg,.30,1860,100
"Groceries: coffee, Rio, roasted",per lb,Ind,Lawrenceburg,.30,1861,100
"Groceries: coffee, Rio, roasted",per lb,Ind,Lawrenceburg,.30,1862,133
"Groceries: coffee, Rio, roasted",per lb,Ind,Lawrenceburg,.30,1863,133
"Groceries: coffee, Rio, roasted",per lb,Ind,Lawrenceburg,.30,1864,150
"Groceries: coffee, Rio, roasted",per lb,Ind,Lawrenceburg,.30,1865,133
"Groceries: coffee, Rio, roasted",per lb,Ind,Lawrenceburg,.30,1866,150
"Groceries: coffee, Rio, roasted",per lb,Iowa,Cedar Rapids,.10,1861,100
"Groceries: coffee, Rio, roasted",per lb,Iowa,Cedar Rapids,.10,1862,120
"Groceries: coffee, Rio, roasted",per lb,Iowa,Cedar Rapids,.10,1863,200
"Groceries: coffee, Rio, roasted",per lb,Iowa,Cedar Rapids,.10,1864,450
"Groceries: coffee, Rio, roasted",per lb,Iowa,Cedar Rapids,.10,1865,450
"Groceries: coffee, Rio, roasted",per lb,Iowa,Cedar Rapids,.10,1866,350
"Groceries: tea, oolong or other good black",per lb,Pa,Philadelphia,0.50,1861,100
"Groceries: tea, oolong or other good black",per lb,Pa,Philadelphia,0.50,1862,100
"Groceries: tea, oolong or other good black",per lb,Pa,Philadelphia,0.50,1863,110
"Groceries: tea, oolong or other good black",per lb,Pa,Philadelphia,0.50,1864,130
"Groceries: tea, oolong or other good black",per lb,Pa,Philadelphia,0.50,1865,250
"Groceries: tea, oolong or other good black",per lb,Pa,Philadelphia,0.50,1866,250
"Groceries: tea, oolong or other good black",per lb,Md,Baltimore,.60,1860,100
"Groceries: tea, oolong or other good black",per lb,Md,Baltimore,.60,1861,125
"Groceries: tea, oolong or other good black",per lb,Md,Baltimore,.60,1862,167
"Groceries: tea, oolong or other good black",per lb,Md,Baltimore,.60,1863,167
"Groceries: tea, oolong or other good black",per lb,Md,Baltimore,.60,1864,200
"Groceries: tea, oolong or other good black",per lb,Md,Baltimore,.60,1865,250
"Groceries: tea, oolong or other good black",per lb,Md,Baltimore,.60,1866,208
"Groceries: tea, oolong or other good black",per lb,W. Va,New Cumberland,.50,1860,100
"Groceries: tea, oolong or other good black",per lb,W. Va,New Cumberland,.50,1861,120
"Groceries: tea, oolong or other good black",per lb,W. Va,New Cumberland,.50,1862,160
"Groceries: tea, oolong or other good black",per lb,W. Va,New Cumberland,.50,1863,160
"Groceries: tea, oolong or other good black",per lb,W. Va,New Cumberland,.50,1864,160
"Groceries: tea, oolong or other good black",per lb,W. Va,New Cumberland,.50,1865,180
"Groceries: tea, oolong or other good black",per lb,W. Va,New Cumberland,.50,1866,160
"Groceries: tea, oolong or other good black",per lb,Ohio,Canton,1.00,1860,100
"Groceries: tea, oolong or other good black",per lb,Ohio,Canton,1.00,1861,100
"Groceries: tea, oolong or other good black",per lb,Ohio,Canton,1.00,1862,125
"Groceries: tea, oolong or other good black",per lb,Ohio,Canton,1.00,1863,150
"Groceries: tea, oolong or other good black",per lb,Ohio,Canton,1.00,1864,200
"Groceries: tea, oolong or other good black",per lb,Ohio,Canton,1.00,1865,200
"Groceries: tea, oolong or other good black",per lb,Ohio,Canton,1.00,1866,180
"Groceries: tea, oolong or other good black",per lb,Ohio,Springfield,0.60,1861,100
"Groceries: tea, oolong or other good black",per lb,Ohio,Springfield,0.60,1862,100
"Groceries: tea, oolong or other good black",per lb,Ohio,Springfield,0.60,1863,125
"Groceries: tea, oolong or other good black",per lb,Ohio,Springfield,0.60,1864,250
"Groceries: tea, oolong or other good black",per lb,Ohio,Springfield,0.60,1865,333
"Groceries: tea, oolong or other good black",per lb,Ohio,Springfield,0.60,1866,293
"Groceries: tea, oolong or other good black",per lb,Ohio,Zanesville,.925,1860,100
"Groceries: tea, oolong or other good black",per lb,Ohio,Zanesville,.925,1861,97
"Groceries: tea, oolong or other good black",per lb,Ohio,Zanesville,.925,1862,97
"Groceries: tea, oolong or other good black",per lb,Ohio,Zanesville,.925,1863,122
"Groceries: tea, oolong or other good black",per lb,Ohio,Zanesville,.925,1864,135
"Groceries: tea, oolong or other good black",per lb,Ohio,Zanesville,.925,1865,149
"Groceries: tea, oolong or other good black",per lb,Ohio,Zanesville,.925,1866,176
"Groceries: tea, oolong or other good black",per lb,Ind,Lawrenceburg,1.00,1860,100
"Groceries: tea, oolong or other good black",per lb,Ind,Lawrenceburg,1.00,1861,90
"Groceries: tea, oolong or other good black",per lb,Ind,Lawrenceburg,1.00,1862,100
"Groceries: tea, oolong or other good black",per lb,Ind,Lawrenceburg,1.00,1863,125
"Groceries: tea, oolong or other good black",per lb,Ind,Lawrenceburg,1.00,1864,160
"Groceries: tea, oolong or other good black",per lb,Ind,Lawrenceburg,1.00,1865,160
"Groceries: tea, oolong or other good black",per lb,Ind,Lawrenceburg,1.00,1866,125
"Groceries: tea, oolong or other good black",per lb,Iowa,Cedar Rapids,0.30,1861,100
"Groceries: tea, oolong or other good black",per lb,Iowa,Cedar Rapids,0.30,1862,233
"Groceries: tea, oolong or other good black",per lb,Iowa,Cedar Rapids,0.30,1863,467
"Groceries: tea, oolong or other good black",per lb,Iowa,Cedar Rapids,0.30,1864,533
"Groceries: tea, oolong or other good black",per lb,Iowa,Cedar Rapids,0.30,1865,667
"Groceries: tea, oolong or other good black",per lb,Iowa,Cedar Rapids,0.30,1866,667
Groceries: starch,per lb,Pa,Philadelphia,0.07,1861,100
Groceries: starch,per lb,Pa,Philadelphia,0.07,1862,114
Groceries: starch,per lb,Pa,Philadelphia,0.07,1863,143
Groceries: starch,per lb,Pa,Philadelphia,0.07,1864,171
Groceries: starch,per lb,Pa,Philadelphia,0.07,1865,200
Groceries: starch,per lb,Pa,Philadelphia,0.07,1866,200
Groceries: starch,per lb,W. Va,New Cumberland,.07,1860,100
Groceries: starch,per lb,W. Va,New Cumberland,.07,1861,114
Groceries: starch,per lb,W. Va,New Cumberland,.07,1862,143
Groceries: starch,per lb,W. Va,New Cumberland,.07,1863,143
Groceries: starch,per lb,W. Va,New Cumberland,.07,1864,143
Groceries: starch,per lb,W. Va,New Cumberland,.07,1865,114
Groceries: starch,per lb,W. Va,New Cumberland,.07,1866,114
Groceries: starch,per lb,Ohio,Canton,.10,1860,100
Groceries: starch,per lb,Ohio,Canton,.10,1861,100
Groceries: starch,per lb,Ohio,Canton,.10,1862,125
Groceries: starch,per lb,Ohio,Canton,.10,1863,150
Groceries: starch,per lb,Ohio,Canton,.10,1864,150
Groceries: starch,per lb,Ohio,Canton,.10,1865,125
Groceries: starch,per lb,Ohio,Canton,.10,1866,100
Groceries: starch,per lb,Ohio,Springfield,.05,1860,100
Groceries: starch,per lb,Ohio,Springfield,.05,1861,100
Groceries: starch,per lb,Ohio,Springfield,.05,1862,100
Groceries: starch,per lb,Ohio,Springfield,.05,1863,160
Groceries: starch,per lb,Ohio,Springfield,.05,1864,200
Groceries: starch,per lb,Ohio,Springfield,.05,1865,200
Groceries: starch,per lb,Ohio,Springfield,.05,1866,200
Groceries: starch,per lb,Ohio,Zanesville,.08,1860,100
Groceries: starch,per lb,Ohio,Zanesville,.08,1861,125
Groceries: starch,per lb,Ohio,Zanesville,.08,1862,125
Groceries: starch,per lb,Ohio,Zanesville,.08,1863,125
Groceries: starch,per lb,Ohio,Zanesville,.08,1864,188
Groceries: starch,per lb,Ohio,Zanesville,.08,1865,188
Groceries: starch,per lb,Ohio,Zanesville,.08,1866,188
Groceries: starch,per lb,Ind,Lawrenceburg,.10,1860,100
Groceries: starch,per lb,Ind,Lawrenceburg,.10,1861,80
Groceries: starch,per lb,Ind,Lawrenceburg,.10,1862,100
Groceries: starch,per lb,Ind,Lawrenceburg,.10,1863,120
Groceries: starch,per lb,Ind,Lawrenceburg,.10,1864,100
Groceries: starch,per lb,Ind,Lawrenceburg,.10,1865,100
Groceries: starch,per lb,Ind,Lawrenceburg,.10,1866,100
Groceries: starch,per lb,Iowa,Cedar Rapids,.05,1861,100
Groceries: starch,per lb,Iowa,Cedar Rapids,.05,1862,100
Groceries: starch,per lb,Iowa,Cedar Rapids,.05,1863,140
Groceries: starch,per lb,Iowa,Cedar Rapids,.05,1864,200
Groceries: starch,per lb,Iowa,Cedar Rapids,.05,1865,360
Groceries: starch,per lb,Iowa,Cedar Rapids,.05,1866,360
"Provisions: beef, corned",per lb,Mass,Boston,0.0775,1860,100
"Provisions: beef, corned",per lb,Mass,Boston,0.0775,1861,97
"Provisions: beef, corned",per lb,Mass,Boston,0.0775,1862,97
"Provisions: beef, corned",per lb,Mass,Boston,0.0775,1863,133
"Provisions: beef, corned",per lb,Mass,Boston,0.0775,1864,164
"Provisions: beef, corned",per lb,Mass,Boston,0.0775,1865,200
"Provisions: beef, corned",per lb,Mass,Boston,0.0775,1866,194
"Provisions: beef, corned",per lb,Conn,Jewett City,.08,1860,100
"Provisions: beef, corned",per lb,Conn,Jewett City,.08,1861,100
"Provisions: beef, corned",per lb,Conn,Jewett City,.08,1862,88
"Provisions: beef, corned",per lb,Conn,Jewett City,.08,1863,88
"Provisions: beef, corned",per lb,Conn,Jewett City,.08,1864,156
"Provisions: beef, corned",per lb,Conn,Jewett City,.08,1865,150
"Provisions: beef, corned",per lb,Conn,Jewett City,.08,1866,188
"Provisions: beef, corned",per lb,Conn,New London,.10,1860,100
"Provisions: beef, corned",per lb,Conn,New London,.10,1861,110
"Provisions: beef, corned",per lb,Conn,New London,.10,1862,110
"Provisions: beef, corned",per lb,Conn,New London,.10,1863,140
"Provisions: beef, corned",per lb,Conn,New London,.10,1864,140
"Provisions: beef, corned",per lb,Conn,New London,.10,1865,140
"Provisions: beef, corned",per lb,Conn,New London,.10,1866,140
"Provisions: beef, corned",per lb,N. J.,Camden,.08,1860,100
"Provisions: beef, corned",per lb,N. J.,Camden,.08,1861,100
"Provisions: beef, corned",per lb,N. J.,Camden,.08,1862,100
"Provisions: beef, corned",per lb,N. J.,Camden,.08,1863,125
"Provisions: beef, corned",per lb,N. J.,Camden,.08,1864,175
"Provisions: beef, corned",per lb,N. J.,Camden,.08,1865,225
"Provisions: beef, corned",per lb,N. J.,Camden,.08,1866,225
"Provisions: beef, corned",per lb,Pa,Philadelphia,.09,1861,100
"Provisions: beef, corned",per lb,Pa,Philadelphia,.09,1862,100
"Provisions: beef, corned",per lb,Pa,Philadelphia,.09,1863,111
"Provisions: beef, corned",per lb,Pa,Philadelphia,.09,1864,133
"Provisions: beef, corned",per lb,Pa,Philadelphia,.09,1865,156
"Provisions: beef, corned",per lb,Pa,Philadelphia,.09,1866,167
"Provisions: beef, corned",per lb,W. Va,New Cumberland,.08,1860,100
"Provisions: beef, corned",per lb,W. Va,New Cumberland,.08,1861,125
"Provisions: beef, corned",per lb,W. Va,New Cumberland,.08,1862,125
"Provisions: beef, corned",per lb,W. Va,New Cumberland,.08,1863,125
"Provisions: beef, corned",per lb,W. Va,New Cumberland,.08,1864,125
"Provisions: beef, corned",per lb,W. Va,New Cumberland,.08,1865,125
"Provisions: beef, corned",per lb,W. Va,New Cumberland,.08,1866,125
"Provisions: beef, corned",per lb,Ohio,Canton,.06,1861,100
"Provisions: beef, corned",per lb,Ohio,Canton,.06,1862,133
"Provisions: beef, corned",per lb,Ohio,Canton,.06,1863,167
"Provisions: beef, corned",per lb,Ohio,Canton,.06,1864,208
"Provisions: beef, corned",per lb,Ohio,Canton,.06,1865,200
"Provisions: beef, corned",per lb,Ohio,Canton,.06,1866,167
"Provisions: beef, corned",per lb,Ohio,Springfield,.065,1860,100
"Provisions: beef, corned",per lb,Ohio,Springfield,.065,1861,92
"Provisions: beef, corned",per lb,Ohio,Springfield,.065,1862,92
"Provisions: beef, corned",per lb,Ohio,Springfield,.065,1863,92
"Provisions: beef, corned",per lb,Ohio,Springfield,.065,1864,123
"Provisions: beef, corned",per lb,Ohio,Springfield,.065,1865,123
"Provisions: beef, corned",per lb,Ohio,Springfield,.065,1866,123
"Provisions: beef, corned",per lb,Ohio,Zanesville,.08,1860,100
"Provisions: beef, corned",per lb,Ohio,Zanesville,.08,1861,100
"Provisions: beef, corned",per lb,Ohio,Zanesville,.08,1862,100
"Provisions: beef, corned",per lb,Ohio,Zanesville,.08,1863,125
"Provisions: beef, corned",per lb,Ohio,Zanesville,.08,1864,125
"Provisions: beef, corned",per lb,Ohio,Zanesville,.08,1865,125
"Provisions: beef, corned",per lb,Ohio,Zanesville,.08,1866,125
"Provisions: beef, corned",per lb,Ind,Evansville,.10,1861,100
"Provisions: beef, corned",per lb,Ind,Evansville,.10,1862,100
"Provisions: beef, corned",per lb,Ind,Evansville,.10,1863,100
"Provisions: beef, corned",per lb,Ind,Evansville,.10,1864,125
"Provisions: beef, corned",per lb,Ind,Evansville,.10,1865,125
"Provisions: beef, corned",per lb,Ind,Evansville,.10,1866,125
"Provisions: beef, fresh, roasting pieces",per lb,Mass,Boston,0.115,1860,100
"Provisions: beef, fresh, roasting pieces",per lb,Mass,Boston,0.115,1861,100
"Provisions: beef, fresh, roasting pieces",per lb,Mass,Boston,0.115,1862,100
"Provisions: beef, fresh, roasting pieces",per lb,Mass,Boston,0.115,1863,130
"Provisions: beef, fresh, roasting pieces",per lb,Mass,Boston,0.115,1864,166
"Provisions: beef, fresh, roasting pieces",per lb,Mass,Boston,0.115,1865,207
"Provisions: beef, fresh, roasting pieces",per lb,Mass,Boston,0.115,1866,211
"Provisions: beef, fresh, roasting pieces",per lb,Conn,New London,.13,1860,100
"Provisions: beef, fresh, roasting pieces",per lb,Conn,New London,.13,1861,123
"Provisions: beef, fresh, roasting pieces",per lb,Conn,New London,.13,1862,123
"Provisions: beef, fresh, roasting pieces",per lb,Conn,New London,.13,1863,138
"Provisions: beef, fresh, roasting pieces",per lb,Conn,New London,.13,1864,154
"Provisions: beef, fresh, roasting pieces",per lb,Conn,New London,.13,1865,169
"Provisions: beef, fresh, roasting pieces",per lb,Conn,New London,.13,1866,169
"Provisions: beef, fresh, roasting pieces",per lb,N. J.,Camden,.14,1860,100
"Provisions: beef, fresh, roasting pieces",per lb,N. J.,Camden,.14,1861,100
"Provisions: beef, fresh, roasting pieces",per lb,N. J.,Camden,.14,1862,100
"Provisions: beef, fresh, roasting pieces",per lb,N. J.,Camden,.14,1863,114
"Provisions: beef, fresh, roasting pieces",per lb,N. J.,Camden,.14,1864,179
"Provisions: beef, fresh, roasting pieces",per lb,N. J.,Camden,.14,1865,250
"Provisions: beef, fresh, roasting pieces",per lb,N. J.,Camden,.14,1866,250
"Provisions: beef, fresh, roasting pieces",per lb,Pa,Philadelphia,.10,1861,100
"Provisions: beef, fresh, roasting pieces",per lb,Pa,Philadelphia,.10,1862,100
"Provisions: beef, fresh, roasting pieces",per lb,Pa,Philadelphia,.10,1863,120
"Provisions: beef, fresh, roasting pieces",per lb,Pa,Philadelphia,.10,1864,140
"Provisions: beef, fresh, roasting pieces",per lb,Pa,Philadelphia,.10,1865,180
"Provisions: beef, fresh, roasting pieces",per lb,Pa,Philadelphia,.10,1866,180
"Provisions: beef, fresh, roasting pieces",per lb,W. Va,New Cumberland,.08,1860,100
"Provisions: beef, fresh, roasting pieces",per lb,W. Va,New Cumberland,.08,1861,150
"Provisions: beef, fresh, roasting pieces",per lb,W. Va,New Cumberland,.08,1862,150
"Provisions: beef, fresh, roasting pieces",per lb,W. Va,New Cumberland,.08,1863,150
"Provisions: beef, fresh, roasting pieces",per lb,W. Va,New Cumberland,.08,1864,150
"Provisions: beef, fresh, roasting pieces",per lb,W. Va,New Cumberland,.08,1865,150
"Provisions: beef, fresh, roasting pieces",per lb,W. Va,New Cumberland,.08,1866,150
"Provisions: beef, fresh, roasting pieces",per lb,Ohio,Canton,.08,1861,100
"Provisions: beef, fresh, roasting pieces",per lb,Ohio,Canton,.08,1862,125
"Provisions: beef, fresh, roasting pieces",per lb,Ohio,Canton,.08,1863,156
"Provisions: beef, fresh, roasting pieces",per lb,Ohio,Canton,.08,1864,188
"Provisions: beef, fresh, roasting pieces",per lb,Ohio,Canton,.08,1865,156
"Provisions: beef, fresh, roasting pieces",per lb,Ohio,Canton,.08,1866,156
"Provisions: beef, fresh, roasting pieces",per lb,Ohio,Springfield,.085,1860,100
"Provisions: beef, fresh, roasting pieces",per lb,Ohio,Springfield,.085,1861,94
"Provisions: beef, fresh, roasting pieces",per lb,Ohio,Springfield,.085,1862,94
"Provisions: beef, fresh, roasting pieces",per lb,Ohio,Springfield,.085,1863,94
"Provisions: beef, fresh, roasting pieces",per lb,Ohio,Springfield,.085,1864,147
"Provisions: beef, fresh, roasting pieces",per lb,Ohio,Springfield,.085,1865,147
"Provisions: beef, fresh, roasting pieces",per lb,Ohio,Springfield,.085,1866,147
"Provisions: beef, fresh, roasting pieces",per lb,Ohio,Zanesville,.09,1860,100
"Provisions: beef, fresh, roasting pieces",per lb,Ohio,Zanesville,.09,1861,89
"Provisions: beef, fresh, roasting pieces",per lb,Ohio,Zanesville,.09,1862,100
"Provisions: beef, fresh, roasting pieces",per lb,Ohio,Zanesville,.09,1863,111
"Provisions: beef, fresh, roasting pieces",per lb,Ohio,Zanesville,.09,1864,111
"Provisions: beef, fresh, roasting pieces",per lb,Ohio,Zanesville,.09,1865,111
"Provisions: beef, fresh, roasting pieces",per lb,Ohio,Zanesville,.09,1866,111
"Provisions: beef, fresh, roasting pieces",per lb,Ind,Evansville,.075,1861,100
"Provisions: beef, fresh, roasting pieces",per lb,Ind,Evansville,.075,1862,100
"Provisions: beef, fresh, roasting pieces",per lb,Ind,Evansville,.075,1863,167
"Provisions: beef, fresh, roasting pieces",per lb,Ind,Evansville,.075,1864,200
"Provisions: beef, fresh, roasting pieces",per lb,Ind,Evansville,.075,1865,200
"Provisions: beef, fresh, roasting pieces",per lb,Ind,Evansville,.075,1866,200
Provisions: butter,per lb,Mass,Boston,0.23 1/6,1860,100
Provisions: butter,per lb,Mass,Boston,0.23 1/6,1861,86
Provisions: butter,per lb,Mass,Boston,0.23 1/6,1862,90
Provisions: butter,per lb,Mass,Boston,0.23 1/6,1863,106
Provisions: butter,per lb,Mass,Boston,0.23 1/6,1864,159
Provisions: butter,per lb,Mass,Boston,0.23 1/6,1865,183
Provisions: butter,per lb,Mass,Boston,0.23 1/6,1866,199
Provisions: butter,per lb,Conn,Jewett City,.23,1860,100
Provisions: butter,per lb,Conn,Jewett City,.23,1861,96
Provisions: butter,per lb,Conn,Jewett City,.23,1862,91
Provisions: butter,per lb,Conn,Jewett City,.23,1863,109
Provisions: butter,per lb,Conn,Jewett City,.23,1864,122
Provisions: butter,per lb,Conn,Jewett City,.23,1865,143
Provisions: butter,per lb,Conn,Jewett City,.23,1866,196
Provisions: butter,per lb,Pa,Philadelphia,.20,1861,100
Provisions: butter,per lb,Pa,Philadelphia,.20,1862,110
Provisions: butter,per lb,Pa,Philadelphia,.20,1863,120
Provisions: butter,per lb,Pa,Philadelphia,.20,1864,125
Provisions: butter,per lb,Pa,Philadelphia,.20,1865,150
Provisions: butter,per lb,Pa,Philadelphia,.20,1866,140
Provisions: butter,per lb,W. Va,New Cumberland,.16,1860,100
Provisions: butter,per lb,W. Va,New Cumberland,.16,1861,125
Provisions: butter,per lb,W. Va,New Cumberland,.16,1862,125
Provisions: butter,per lb,W. Va,New Cumberland,.16,1863,125
Provisions: butter,per lb,W. Va,New Cumberland,.16,1864,125
Provisions: butter,per lb,W. Va,New Cumberland,.16,1865,125
Provisions: butter,per lb,W. Va,New Cumberland,.16,1866,125
Provisions: butter,per lb,Ohio,Canton,.12,1860,100
Provisions: butter,per lb,Ohio,Canton,.12,1861,67
Provisions: butter,per lb,Ohio,Canton,.12,1862,83
Provisions: butter,per lb,Ohio,Canton,.12,1863,150
Provisions: butter,per lb,Ohio,Canton,.12,1864,333
Provisions: butter,per lb,Ohio,Canton,.12,1865,292
Provisions: butter,per lb,Ohio,Canton,.12,1866,292
Provisions: butter,per lb,Ohio,Springfield,.10,1860,100
Provisions: butter,per lb,Ohio,Springfield,.10,1861,80
Provisions: butter,per lb,Ohio,Springfield,.10,1862,80
Provisions: butter,per lb,Ohio,Springfield,.10,1863,100
Provisions: butter,per lb,Ohio,Springfield,.10,1864,150
Provisions: butter,per lb,Ohio,Springfield,.10,1865,250
Provisions: butter,per lb,Ohio,Springfield,.10,1866,300
Provisions: butter,per lb,Ohio,Zanesville,.13,1860,100
Provisions: butter,per lb,Ohio,Zanesville,.13,1861,96
Provisions: butter,per lb,Ohio,Zanesville,.13,1862,115
Provisions: butter,per lb,Ohio,Zanesville,.13,1863,115
Provisions: butter,per lb,Ohio,Zanesville,.13,1864,231
Provisions: butter,per lb,Ohio,Zanesville,.13,1865,254
Provisions: butter,per lb,Ohio,Zanesville,.13,1866,254
Provisions: butter,per lb,Ind,Lawrenceburg,.30,1860,100
Provisions: butter,per lb,Ind,Lawrenceburg,.30,1861,83
Provisions: butter,per lb,Ind,Lawrenceburg,.30,1862,100
Provisions: butter,per lb,Ind,Lawrenceburg,.30,1863,83
Provisions: butter,per lb,Ind,Lawrenceburg,.30,1864,117
Provisions: butter,per lb,Ind,Lawrenceburg,.30,1865,150
Provisions: butter,per lb,Ind,Lawrenceburg,.30,1866,100
Provisions: butter,per lb,Ia,Cedar Rapids,.06,1861,100
Provisions: butter,per lb,Ia,Cedar Rapids,.06,1862,200
Provisions: butter,per lb,Ia,Cedar Rapids,.06,1863,250
Provisions: butter,per lb,Ia,Cedar Rapids,.06,1864,333
Provisions: butter,per lb,Ia,Cedar Rapids,.06,1865,417
Provisions: butter,per lb,Ia,Cedar Rapids,.06,1866,333
"Provisions: beef, fresh, rump steaks",per lb,Conn,New London,0.11,1860,100
"Provisions: beef, fresh, rump steaks",per lb,Conn,New London,0.11,1861,109
"Provisions: beef, fresh, rump steaks",per lb,Conn,New London,0.11,1862,109
"Provisions: beef, fresh, rump steaks",per lb,Conn,New London,0.11,1863,127
"Provisions: beef, fresh, rump steaks",per lb,Conn,New London,0.11,1864,145
"Provisions: beef, fresh, rump steaks",per lb,Conn,New London,0.11,1865,164
"Provisions: beef, fresh, rump steaks",per lb,Conn,New London,0.11,1866,164
"Provisions: beef, fresh, rump steaks",per lb,N. J.,Camden,.12,1860,100
"Provisions: beef, fresh, rump steaks",per lb,N. J.,Camden,.12,1861,102
"Provisions: beef, fresh, rump steaks",per lb,N. J.,Camden,.12,1862,104
"Provisions: beef, fresh, rump steaks",per lb,N. J.,Camden,.12,1863,133
"Provisions: beef, fresh, rump steaks",per lb,N. J.,Camden,.12,1864,208
"Provisions: beef, fresh, rump steaks",per lb,N. J.,Camden,.12,1865,250
"Provisions: beef, fresh, rump steaks",per lb,N. J.,Camden,.12,1866,250
"Provisions: beef, fresh, rump steaks",per lb,Pa,Philadelphia,.14,1861,100
"Provisions: beef, fresh, rump steaks",per lb,Pa,Philadelphia,.14,1862,107
"Provisions: beef, fresh, rump steaks",per lb,Pa,Philadelphia,.14,1863,114
"Provisions: beef, fresh, rump steaks",per lb,Pa,Philadelphia,.14,1864,143
"Provisions: beef, fresh, rump steaks",per lb,Pa,Philadelphia,.14,1865,179
"Provisions: beef, fresh, rump steaks",per lb,Pa,Philadelphia,.14,1866,179
"Provisions: beef, fresh, rump steaks",per lb,W. Va,New Cumberland,.10,1860,100
"Provisions: beef, fresh, rump steaks",per lb,W. Va,New Cumberland,.10,1861,140
"Provisions: beef, fresh, rump steaks",per lb,W. Va,New Cumberland,.10,1862,140
"Provisions: beef, fresh, rump steaks",per lb,W. Va,New Cumberland,.10,1863,140
"Provisions: beef, fresh, rump steaks",per lb,W. Va,New Cumberland,.10,1864,140
"Provisions: beef, fresh, rump steaks",per lb,W. Va,New Cumberland,.10,1865,140
"Provisions: beef, fresh, rump steaks",per lb,W. Va,New Cumberland,.10,1866,140
"Provisions: beef, fresh, rump steaks",per lb,Ohio,Canton,.10,1860,100
"Provisions: beef, fresh, rump steaks",per lb,Ohio,Canton,.10,1861,110
"Provisions: beef, fresh, rump steaks",per lb,Ohio,Canton,.10,1862,125
"Provisions: beef, fresh, rump steaks",per lb,Ohio,Canton,.10,1863,150
"Provisions: beef, fresh, rump steaks",per lb,Ohio,Canton,.10,1864,180
"Provisions: beef, fresh, rump steaks",per lb,Ohio,Canton,.10,1865,150
"Provisions: beef, fresh, rump steaks",per lb,Ohio,Canton,.10,1866,150
"Provisions: beef, fresh, rump steaks",per lb,Ohio,Springfield,.10,1860,100
"Provisions: beef, fresh, rump steaks",per lb,Ohio,Springfield,.10,1861,100
"Provisions: beef, fresh, rump steaks",per lb,Ohio,Springfield,.10,1862,100
"Provisions: beef, fresh, rump steaks",per lb,Ohio,Springfield,.10,1863,100
"Provisions: beef, fresh, rump steaks",per lb,Ohio,Springfield,.10,1864,150
"Provisions: beef, fresh, rump steaks",per lb,Ohio,Springfield,.10,1865,150
"Provisions: beef, fresh, rump steaks",per lb,Ohio,Springfield,.10,1866,150
"Provisions: beef, fresh, rump steaks",per lb,Ohio,Zanesville,.11,1860,100
"Provisions: beef, fresh, rump steaks",per lb,Ohio,Zanesville,.11,1861,91
"Provisions: beef, fresh, rump steaks",per lb,Ohio,Zanesville,.11,1862,91
"Provisions: beef, fresh, rump steaks",per lb,Ohio,Zanesville,.11,1863,109
"Provisions: beef, fresh, rump steaks",per lb,Ohio,Zanesville,.11,1864,109
"Provisions: beef, fresh, rump steaks",per lb,Ohio,Zanesville,.11,1865,109
"Provisions: beef, fresh, rump steaks",per lb,Ohio,Zanesville,.11,1866,109
"Provisions: beef, fresh, rump steaks",per lb,Ind,Evansville,.075,1861,100
"Provisions: beef, fresh, rump steaks",per lb,Ind,Evansville,.075,1862,100
"Provisions: beef, fresh, rump steaks",per lb,Ind,Evansville,.075,1863,167
"Provisions: beef, fresh, rump steaks",per lb,Ind,Evansville,.075,1864,200
"Provisions: beef, fresh, rump steaks",per lb,Ind,Evansville,.075,1865,200
"Provisions: beef, fresh, rump steaks",per lb,Ind,Evansville,.075,1866,200
"Provisions: beef, fresh, soup-pieces",per lb,Conn,New London,0.055,1860,100
"Provisions: beef, fresh, soup-pieces",per lb,Conn,New London,0.055,1861,127
"Provisions: beef, fresh, soup-pieces",per lb,Conn,New London,0.055,1862,127
"Provisions: beef, fresh, soup-pieces",per lb,Conn,New London,0.055,1863,164
"Provisions: beef, fresh, soup-pieces",per lb,Conn,New London,0.055,1864,164
"Provisions: beef, fresh, soup-pieces",per lb,Conn,New London,0.055,1865,164
"Provisions: beef, fresh, soup-pieces",per lb,Conn,New London,0.055,1866,164
"Provisions: beef, fresh, soup-pieces",per lb,N. J.,Camden,.08,1860,100
"Provisions: beef, fresh, soup-pieces",per lb,N. J.,Camden,.08,1861,100
"Provisions: beef, fresh, soup-pieces",per lb,N. J.,Camden,.08,1862,100
"Provisions: beef, fresh, soup-pieces",per lb,N. J.,Camden,.08,1863,100
"Provisions: beef, fresh, soup-pieces",per lb,N. J.,Camden,.08,1864,175
"Provisions: beef, fresh, soup-pieces",per lb,N. J.,Camden,.08,1865,200
"Provisions: beef, fresh, soup-pieces",per lb,N. J.,Camden,.08,1866,200
"Provisions: beef, fresh, soup-pieces",per lb,Pa,Philadelphia,.07,1861,100
"Provisions: beef, fresh, soup-pieces",per lb,Pa,Philadelphia,.07,1862,100
"Provisions: beef, fresh, soup-pieces",per lb,Pa,Philadelphia,.07,1863,114
"Provisions: beef, fresh, soup-pieces",per lb,Pa,Philadelphia,.07,1864,129
"Provisions: beef, fresh, soup-pieces",per lb,Pa,Philadelphia,.07,1865,171
"Provisions: beef, fresh, soup-pieces",per lb,Pa,Philadelphia,.07,1866,171
"Provisions: beef, fresh, soup-pieces",per lb,W. Va,New Cumberland,.03,1860,100
"Provisions: beef, fresh, soup-pieces",per lb,W. Va,New Cumberland,.03,1861,233
"Provisions: beef, fresh, soup-pieces",per lb,W. Va,New Cumberland,.03,1862,233
"Provisions: beef, fresh, soup-pieces",per lb,W. Va,New Cumberland,.03,1863,233
"Provisions: beef, fresh, soup-pieces",per lb,W. Va,New Cumberland,.03,1864,233
"Provisions: beef, fresh, soup-pieces",per lb,W. Va,New Cumberland,.03,1865,233
"Provisions: beef, fresh, soup-pieces",per lb,W. Va,New Cumberland,.03,1866,233
"Provisions: beef, fresh, soup-pieces",per lb,Ohio,Canton,.04,1860,100
"Provisions: beef, fresh, soup-pieces",per lb,Ohio,Canton,.04,1861,100
"Provisions: beef, fresh, soup-pieces",per lb,Ohio,Canton,.04,1862,125
"Provisions: beef, fresh, soup-pieces",per lb,Ohio,Canton,.04,1863,150
"Provisions: beef, fresh, soup-pieces",per lb,Ohio,Canton,.04,1864,200
"Provisions: beef, fresh, soup-pieces",per lb,Ohio,Canton,.04,1865,150
"Provisions: beef, fresh, soup-pieces",per lb,Ohio,Canton,.04,1866,150
"Provisions: beef, fresh, soup-pieces",per lb,Ohio,Springfield,.07,1860,100
"Provisions: beef, fresh, soup-pieces",per lb,Ohio,Springfield,.07,1861,86
"Provisions: beef, fresh, soup-pieces",per lb,Ohio,Springfield,.07,1862,86
"Provisions: beef, fresh, soup-pieces",per lb,Ohio,Springfield,.07,1863,86
"Provisions: beef, fresh, soup-pieces",per lb,Ohio,Springfield,.07,1864,143
"Provisions: beef, fresh, soup-pieces",per lb,Ohio,Springfield,.07,1865,143
"Provisions: beef, fresh, soup-pieces",per lb,Ohio,Springfield,.07,1866,143
"Provisions: beef, fresh, soup-pieces",per lb,Ohio,Zanesville,.06,1860,100
"Provisions: beef, fresh, soup-pieces",per lb,Ohio,Zanesville,.06,1861,100
"Provisions: beef, fresh, soup-pieces",per lb,Ohio,Zanesville,.06,1862,100
"Provisions: beef, fresh, soup-pieces",per lb,Ohio,Zanesville,.06,1863,100
"Provisions: beef, fresh, soup-pieces",per lb,Ohio,Zanesville,.06,1864,117
"Provisions: beef, fresh, soup-pieces",per lb,Ohio,Zanesville,.06,1865,117
"Provisions: beef, fresh, soup-pieces",per lb,Ohio,Zanesville,.06,1866,117
"Provisions: beef, fresh, soup-pieces",per lb,Ind,Evansville,.06,1861,100
"Provisions: beef, fresh, soup-pieces",per lb,Ind,Evansville,.06,1864,167
"Provisions: beef, fresh, soup-pieces",per lb,Ind,Evansville,.06,1865,167
"Provisions: beef, fresh, soup-pieces",per lb,Ind,Evansville,.06,1866,167
"Provisions: flour, rye",per barrel,Mass,Boston,4.0925,1860,100
"Provisions: flour, rye",per barrel,Mass,Boston,4.0925,1861,92
"Provisions: flour, rye",per barrel,Mass,Boston,4.0925,1862,101
"Provisions: flour, rye",per barrel,Mass,Boston,4.0925,1863,115
"Provisions: flour, rye",per barrel,Mass,Boston,4.0925,1864,172
"Provisions: flour, rye",per barrel,Mass,Boston,4.0925,1865,179
"Provisions: flour, rye",per barrel,Mass,Boston,4.0925,1866,171
"Provisions: flour, rye",per barrel,Conn,Jewett City,3.92,1860,100
"Provisions: flour, rye",per barrel,Conn,Jewett City,3.92,1861,100
"Provisions: flour, rye",per barrel,Conn,Jewett City,3.92,1862,75
"Provisions: flour, rye",per barrel,Conn,Jewett City,3.92,1863,75
"Provisions: flour, rye",per barrel,Conn,Jewett City,3.92,1864,150
"Provisions: flour, rye",per barrel,Conn,Jewett City,3.92,1865,150
"Provisions: flour, rye",per barrel,Conn,Jewett City,3.92,1866,150
"Provisions: flour, rye",per barrel,Pa,Philadelphia,5.00,1861,100
"Provisions: flour, rye",per barrel,Pa,Philadelphia,5.00,1862,120
"Provisions: flour, rye",per barrel,Pa,Philadelphia,5.00,1863,160
"Provisions: flour, rye",per barrel,Pa,Philadelphia,5.00,1864,200
"Provisions: flour, rye",per barrel,Pa,Philadelphia,5.00,1865,220
"Provisions: flour, rye",per barrel,Pa,Philadelphia,5.00,1866,220
"Provisions: flour, rye",per barrel,Md,Baltimore,5.25,1860,100
"Provisions: flour, rye",per barrel,Md,Baltimore,5.25,1861,95
"Provisions: flour, rye",per barrel,Md,Baltimore,5.25,1862,100
"Provisions: flour, rye",per barrel,Md,Baltimore,5.25,1863,119
"Provisions: flour, rye",per barrel,Md,Baltimore,5.25,1864,200
"Provisions: flour, rye",per barrel,Md,Baltimore,5.25,1865,162
"Provisions: flour, rye",per barrel,Md,Baltimore,5.25,1866,129
"Provisions: flour, rye",per barrel,W. Va,New Cumberland,3.75,1860,100
"Provisions: flour, rye",per barrel,W. Va,New Cumberland,3.75,1861,107
"Provisions: flour, rye",per barrel,W. Va,New Cumberland,3.75,1862,133
"Provisions: flour, rye",per barrel,W. Va,New Cumberland,3.75,1863,147
"Provisions: flour, rye",per barrel,W. Va,New Cumberland,3.75,1864,147
"Provisions: flour, rye",per barrel,W. Va,New Cumberland,3.75,1865,147
"Provisions: flour, rye",per barrel,W. Va,New Cumberland,3.75,1866,127
"Provisions: flour, rye",per barrel,Ohio,Springfield,3.50,1860,100
"Provisions: flour, rye",per barrel,Ohio,Springfield,3.50,1861,129
"Provisions: flour, rye",per barrel,Ohio,Springfield,3.50,1862,114
"Provisions: flour, rye",per barrel,Ohio,Springfield,3.50,1863,114
"Provisions: flour, rye",per barrel,Ohio,Springfield,3.50,1864,200
"Provisions: flour, rye",per barrel,Ohio,Springfield,3.50,1865,257
"Provisions: flour, rye",per barrel,Ohio,Springfield,3.50,1866,286
"Provisions: flour, rye",per barrel,Ohio,Zanesville,4.25,1860,100
"Provisions: flour, rye",per barrel,Ohio,Zanesville,4.25,1861,94
"Provisions: flour, rye",per barrel,Ohio,Zanesville,4.25,1862,94
"Provisions: flour, rye",per barrel,Ohio,Zanesville,4.25,1863,141
"Provisions: flour, rye",per barrel,Ohio,Zanesville,4.25,1864,165
"Provisions: flour, rye",per barrel,Ohio,Zanesville,4.25,1865,176
"Provisions: flour, rye",per barrel,Ohio,Zanesville,4.25,1866,188
"Provisions: flour, rye",per barrel,Ia,Cedar Rapids,2.00,1861,100
"Provisions: flour, rye",per barrel,Ia,Cedar Rapids,2.00,1862,125
"Provisions: flour, rye",per barrel,Ia,Cedar Rapids,2.00,1863,350
"Provisions: flour, rye",per barrel,Ia,Cedar Rapids,2.00,1864,350
"Provisions: flour, rye",per barrel,Ia,Cedar Rapids,2.00,1865,375
"Provisions: flour, rye",per barrel,Ia,Cedar Rapids,2.00,1866,375
"Provisions: flour, wheat, extra family",per barrel,Conn,Jewett City,8.50,1860,100
"Provisions: flour, wheat, extra family",per barrel,Conn,Jewett City,8.50,1861,91
"Provisions: flour, wheat, extra family",per barrel,Conn,Jewett City,8.50,1862,94
"Provisions: flour, wheat, extra family",per barrel,Conn,Jewett City,8.50,1863,100
"Provisions: flour, wheat, extra family",per barrel,Conn,Jewett City,8.50,1864,124
"Provisions: flour, wheat, extra family",per barrel,Conn,Jewett City,8.50,1865,135
"Provisions: flour, wheat, extra family",per barrel,Conn,Jewett City,8.50,1866,176
"Provisions: flour, wheat, extra family",per barrel,Pa,Philadelphia,8.00,1861,100
"Provisions: flour, wheat, extra family",per barrel,Pa,Philadelphia,8.00,1862,113
"Provisions: flour, wheat, extra family",per barrel,Pa,Philadelphia,8.00,1863,150
"Provisions: flour, wheat, extra family",per barrel,Pa,Philadelphia,8.00,1864,188
"Provisions: flour, wheat, extra family",per barrel,Pa,Philadelphia,8.00,1865,200
"Provisions: flour, wheat, extra family",per barrel,Pa,Philadelphia,8.00,1866,200
"Provisions: flour, wheat, extra family",per barrel,Md,Baltimore,8.25,1860,100
"Provisions: flour, wheat, extra family",per barrel,Md,Baltimore,8.25,1861,103
"Provisions: flour, wheat, extra family",per barrel,Md,Baltimore,8.25,1862,115
"Provisions: flour, wheat, extra family",per barrel,Md,Baltimore,8.25,1863,121
"Provisions: flour, wheat, extra family",per barrel,Md,Baltimore,8.25,1864,161
"Provisions: flour, wheat, extra family",per barrel,Md,Baltimore,8.25,1865,167
"Provisions: flour, wheat, extra family",per barrel,Md,Baltimore,8.25,1866,206
"Provisions: flour, wheat, extra family",per barrel,W. Va,New Cumberland,6.00,1860,100
"Provisions: flour, wheat, extra family",per barrel,W. Va,New Cumberland,6.00,1861,125
"Provisions: flour, wheat, extra family",per barrel,W. Va,New Cumberland,6.00,1862,133
"Provisions: flour, wheat, extra family",per barrel,W. Va,New Cumberland,6.00,1863,142
"Provisions: flour, wheat, extra family",per barrel,W. Va,New Cumberland,6.00,1864,142
"Provisions: flour, wheat, extra family",per barrel,W. Va,New Cumberland,6.00,1865,147
"Provisions: flour, wheat, extra family",per barrel,W. Va,New Cumberland,6.00,1866,142
"Provisions: flour, wheat, extra family",per barrel,Ohio,Canton,6.00,1860,100
"Provisions: flour, wheat, extra family",per barrel,Ohio,Canton,6.00,1861,100
"Provisions: flour, wheat, extra family",per barrel,Ohio,Canton,6.00,1862,108
"Provisions: flour, wheat, extra family",per barrel,Ohio,Canton,6.00,1863,117
"Provisions: flour, wheat, extra family",per barrel,Ohio,Canton,6.00,1864,167
"Provisions: flour, wheat, extra family",per barrel,Ohio,Canton,6.00,1865,167
"Provisions: flour, wheat, extra family",per barrel,Ohio,Canton,6.00,1866,133
"Provisions: flour, wheat, extra family",per barrel,Ohio,Springfield,4.50,1860,100
"Provisions: flour, wheat, extra family",per barrel,Ohio,Springfield,4.50,1861,122
"Provisions: flour, wheat, extra family",per barrel,Ohio,Springfield,4.50,1862,111
"Provisions: flour, wheat, extra family",per barrel,Ohio,Springfield,4.50,1863,111
"Provisions: flour, wheat, extra family",per barrel,Ohio,Springfield,4.50,1864,189
"Provisions: flour, wheat, extra family",per barrel,Ohio,Springfield,4.50,1865,244
"Provisions: flour, wheat, extra family",per barrel,Ohio,Springfield,4.50,1866,289
"Provisions: flour, wheat, extra family",per barrel,Ohio,Zanesville,4.75,1860,100
"Provisions: flour, wheat, extra family",per barrel,Ohio,Zanesville,4.75,1861,105
"Provisions: flour, wheat, extra family",per barrel,Ohio,Zanesville,4.75,1862,105
"Provisions: flour, wheat, extra family",per barrel,Ohio,Zanesville,4.75,1863,179
"Provisions: flour, wheat, extra family",per barrel,Ohio,Zanesville,4.75,1864,190
"Provisions: flour, wheat, extra family",per barrel,Ohio,Zanesville,4.75,1865,200
"Provisions: flour, wheat, extra family",per barrel,Ohio,Zanesville,4.75,1866,211
"Provisions: flour, wheat, extra family",per barrel,Ia,Cedar Rapids,2.50,1861,100
"Provisions: flour, wheat, extra family",per barrel,Ia,Cedar Rapids,2.50,1862,120
"Provisions: flour, wheat, extra family",per barrel,Ia,Cedar Rapids,2.50,1863,300
"Provisions: flour, wheat, extra family",per barrel,Ia,Cedar Rapids,2.50,1864,300
"Provisions: flour, wheat, extra family",per barrel,Ia,Cedar Rapids,2.50,1865,330
"Provisions: flour, wheat, extra family",per barrel,Ia,Cedar Rapids,2.50,1866,330
Provisions: corn meal,per barrel,Mass,Boston,4.87,1860,100
Provisions: corn meal,per barrel,Mass,Boston,4.87,1861,62
Provisions: corn meal,per barrel,Mass,Boston,4.87,1862,70
Provisions: corn meal,per barrel,Mass,Boston,4.87,1863,97
Provisions: corn meal,per barrel,Mass,Boston,4.87,1864,146
Provisions: corn meal,per barrel,Mass,Boston,4.87,1865,132
Provisions: corn meal,per barrel,Mass,Boston,4.87,1866,101
Provisions: corn meal,per barrel,Conn,Jewett City,3.92,1860,100
Provisions: corn meal,per barrel,Conn,Jewett City,3.92,1861,100
Provisions: corn meal,per barrel,Conn,Jewett City,3.92,1862,75
Provisions: corn meal,per barrel,Conn,Jewett City,3.92,1863,75
Provisions: corn meal,per barrel,Conn,Jewett City,3.92,1864,150
Provisions: corn meal,per barrel,Conn,Jewett City,3.92,1865,150
Provisions: corn meal,per barrel,Conn,Jewett City,3.92,1866,150
Provisions: corn meal,per barrel,Pa,Philadelphia,3.00,1861,100
Provisions: corn meal,per barrel,Pa,Philadelphia,3.00,1862,100
Provisions: corn meal,per barrel,Pa,Philadelphia,3.00,1863,108
Provisions: corn meal,per barrel,Pa,Philadelphia,3.00,1864,133
Provisions: corn meal,per barrel,Pa,Philadelphia,3.00,1865,200
Provisions: corn meal,per barrel,Pa,Philadelphia,3.00,1866,200
Provisions: corn meal,per barrel,W. Va,New Cumberland,1.50,1860,100
Provisions: corn meal,per barrel,W. Va,New Cumberland,1.50,1861,133
Provisions: corn meal,per barrel,W. Va,New Cumberland,1.50,1862,150
Provisions: corn meal,per barrel,W. Va,New Cumberland,1.50,1863,167
Provisions: corn meal,per barrel,W. Va,New Cumberland,1.50,1864,167
Provisions: corn meal,per barrel,W. Va,New Cumberland,1.50,1865,167
Provisions: corn meal,per barrel,W. Va,New Cumberland,1.50,1866,150
Provisions: corn meal,per barrel,Ohio,Canton,3.00,1860,100
Provisions: corn meal,per barrel,Ohio,Canton,3.00,1861,100
Provisions: corn meal,per barrel,Ohio,Canton,3.00,1862,117
Provisions: corn meal,per barrel,Ohio,Canton,3.00,1863,160
Provisions: corn meal,per barrel,Ohio,Canton,3.00,1864,200
Provisions: corn meal,per barrel,Ohio,Canton,3.00,1865,200
Provisions: corn meal,per barrel,Ohio,Canton,3.00,1866,117
Provisions: corn meal,per barrel,Ohio,Springfield,2.25,1860,100
Provisions: corn meal,per barrel,Ohio,Springfield,2.25,1861,156
Provisions: corn meal,per barrel,Ohio,Springfield,2.25,1862,156
Provisions: corn meal,per barrel,Ohio,Springfield,2.25,1863,156
Provisions: corn meal,per barrel,Ohio,Springfield,2.25,1864,222
Provisions: corn meal,per barrel,Ohio,Springfield,2.25,1865,267
Provisions: corn meal,per barrel,Ohio,Springfield,2.25,1866,356
Provisions: corn meal,per barrel,Ohio,Zanesville,2.25,1860,100
Provisions: corn meal,per barrel,Ohio,Zanesville,2.25,1861,133
Provisions: corn meal,per barrel,Ohio,Zanesville,2.25,1862,133
Provisions: corn meal,per barrel,Ohio,Zanesville,2.25,1863,178
Provisions: corn meal,per barrel,Ohio,Zanesville,2.25,1864,200
Provisions: corn meal,per barrel,Ohio,Zanesville,2.25,1865,200
Provisions: corn meal,per barrel,Ohio,Zanesville,2.25,1866,200
Provisions: corn meal,per barrel,Ind,Lawrenceburg,.70,1860,100
Provisions: corn meal,per barrel,Ind,Lawrenceburg,.70,1861,114
Provisions: corn meal,per barrel,Ind,Lawrenceburg,.70,1862,129
Provisions: corn meal,per barrel,Ind,Lawrenceburg,.70,1863,143
Provisions: corn meal,per barrel,Ind,Lawrenceburg,.70,1864,150
Provisions: corn meal,per barrel,Ind,Lawrenceburg,.70,1865,157
Provisions: corn meal,per barrel,Ind,Lawrenceburg,.70,1866,143
Provisions: corn meal,per barrel,Ia,Cedar Rapids,1.50,1861,100
Provisions: corn meal,per barrel,Ia,Cedar Rapids,1.50,1862,133
Provisions: corn meal,per barrel,Ia,Cedar Rapids,1.50,1863,200
Provisions: corn meal,per barrel,Ia,Cedar Rapids,1.50,1864,200
Provisions: corn meal,per barrel,Ia,Cedar Rapids,1.50,1865,233
Provisions: corn meal,per barrel,Ia,Cedar Rapids,1.50,1866,233
Provisions: cheese,per lb,Mass,Boston,0.11 5/8,1860,100
Provisions: cheese,per lb,Mass,Boston,0.11 5/8,1861,87
Provisions: cheese,per lb,Mass,Boston,0.11 5/8,1862,80
Provisions: cheese,per lb,Mass,Boston,0.11 5/8,1863,117
Provisions: cheese,per lb,Mass,Boston,0.11 5/8,1864,149
Provisions: cheese,per lb,Mass,Boston,0.11 5/8,1865,168
Provisions: cheese,per lb,Mass,Boston,0.11 5/8,1866,160
Provisions: cheese,per lb,Conn,Jewett City,.13,1860,100
Provisions: cheese,per lb,Conn,Jewett City,.13,1861,77
Provisions: cheese,per lb,Conn,Jewett City,.13,1862,69
Provisions: cheese,per lb,Conn,Jewett City,.13,1863,92
Provisions: cheese,per lb,Conn,Jewett City,.13,1864,123
Provisions: cheese,per lb,Conn,Jewett City,.13,1865,154
Provisions: cheese,per lb,Conn,Jewett City,.13,1866,177
Provisions: cheese,per lb,Pa,Philadelphia,.12,1861,100
Provisions: cheese,per lb,Pa,Philadelphia,.12,1862,125
Provisions: cheese,per lb,Pa,Philadelphia,.12,1863,150
Provisions: cheese,per lb,Pa,Philadelphia,.12,1864,167
Provisions: cheese,per lb,Pa,Philadelphia,.12,1865,208
Provisions: cheese,per lb,Pa,Philadelphia,.12,1866,208
Provisions: cheese,per lb,W. Va,New Cumberland,.11,1860,100
Provisions: cheese,per lb,W. Va,New Cumberland,.11,1861,136
Provisions: cheese,per lb,W. Va,New Cumberland,.11,1862,136
Provisions: cheese,per lb,W. Va,New Cumberland,.11,1863,136
Provisions: cheese,per lb,W. Va,New Cumberland,.11,1864,136
Provisions: cheese,per lb,W. Va,New Cumberland,.11,1865,136
Provisions: cheese,per lb,W. Va,New Cumberland,.11,1866,145
Provisions: cheese,per lb,Ohio,Canton,.10,1860,100
Provisions: cheese,per lb,Ohio,Canton,.10,1861,60
Provisions: cheese,per lb,Ohio,Canton,.10,1862,80
Provisions: cheese,per lb,Ohio,Canton,.10,1863,100
Provisions: cheese,per lb,Ohio,Canton,.10,1864,250
Provisions: cheese,per lb,Ohio,Canton,.10,1865,250
Provisions: cheese,per lb,Ohio,Canton,.10,1866,200
Provisions: cheese,per lb,Ohio,Springfield,.08,1860,100
Provisions: cheese,per lb,Ohio,Springfield,.08,1861,100
Provisions: cheese,per lb,Ohio,Springfield,.08,1862,100
Provisions: cheese,per lb,Ohio,Springfield,.08,1863,100
Provisions: cheese,per lb,Ohio,Springfield,.08,1864,125
Provisions: cheese,per lb,Ohio,Springfield,.08,1865,150
Provisions: cheese,per lb,Ohio,Springfield,.08,1866,163
Provisions: cheese,per lb,Ohio,Zanesville,.125,1860,100
Provisions: cheese,per lb,Ohio,Zanesville,.125,1861,80
Provisions: cheese,per lb,Ohio,Zanesville,.125,1862,80
Provisions: cheese,per lb,Ohio,Zanesville,.125,1863,120
Provisions: cheese,per lb,Ohio,Zanesville,.125,1864,168
Provisions: cheese,per lb,Ohio,Zanesville,.125,1865,160
Provisions: cheese,per lb,Ohio,Zanesville,.125,1866,200
Provisions: cheese,per lb,Ind,Lawrenceburg,.18,1860,100
Provisions: cheese,per lb,Ind,Lawrenceburg,.18,1861,67
Provisions: cheese,per lb,Ind,Lawrenceburg,.18,1862,83
Provisions: cheese,per lb,Ind,Lawrenceburg,.18,1863,83
Provisions: cheese,per lb,Ind,Lawrenceburg,.18,1864,111
Provisions: cheese,per lb,Ind,Lawrenceburg,.18,1865,150
Provisions: cheese,per lb,Ind,Lawrenceburg,.18,1866,83
Provisions: cheese,per lb,Ia,Cedar Rapids,.10,1861,100
Provisions: cheese,per lb,Ia,Cedar Rapids,.10,1862,120
Provisions: cheese,per lb,Ia,Cedar Rapids,.10,1863,120
Provisions: cheese,per lb,Ia,Cedar Rapids,.10,1864,150
Provisions: cheese,per lb,Ia,Cedar Rapids,.10,1865,200
Provisions: cheese,per lb,Ia,Cedar Rapids,.10,1866,280
Provisions: eggs,per dozen,Mass,Boston,0.195,1860,100
Provisions: eggs,per dozen,Mass,Boston,0.195,1861,87
Provisions: eggs,per dozen,Mass,Boston,0.195,1862,92
Provisions: eggs,per dozen,Mass,Boston,0.195,1863,110
Provisions: eggs,per dozen,Mass,Boston,0.195,1864,144
Provisions: eggs,per dozen,Mass,Boston,0.195,1865,185
Provisions: eggs,per dozen,Mass,Boston,0.195,1866,169
Provisions: eggs,per dozen,Conn,Jewett City,.17,1860,100
Provisions: eggs,per dozen,Conn,Jewett City,.17,1861,82
Provisions: eggs,per dozen,Conn,Jewett City,.17,1862,88
Provisions: eggs,per dozen,Conn,Jewett City,.17,1863,100
Provisions: eggs,per dozen,Conn,Jewett City,.17,1864,135
Provisions: eggs,per dozen,Conn,Jewett City,.17,1865,176
Provisions: eggs,per dozen,Conn,Jewett City,.17,1866,159
Provisions: eggs,per dozen,Pa,Philadelphia,.18,1861,100
Provisions: eggs,per dozen,Pa,Philadelphia,.18,1862,100
Provisions: eggs,per dozen,Pa,Philadelphia,.18,1863,111
Provisions: eggs,per dozen,Pa,Philadelphia,.18,1864,117
Provisions: eggs,per dozen,Pa,Philadelphia,.18,1865,139
Provisions: eggs,per dozen,Pa,Philadelphia,.18,1866,144
Provisions: eggs,per dozen,W. Va,New Cumberland,.10,1860,100
Provisions: eggs,per dozen,W. Va,New Cumberland,.10,1861,120
Provisions: eggs,per dozen,W. Va,New Cumberland,.10,1862,140
Provisions: eggs,per dozen,W. Va,New Cumberland,.10,1863,140
Provisions: eggs,per dozen,W. Va,New Cumberland,.10,1864,140
Provisions: eggs,per dozen,W. Va,New Cumberland,.10,1865,140
Provisions: eggs,per dozen,W. Va,New Cumberland,.10,1866,120
Provisions: eggs,per dozen,Ohio,Canton,.10,1860,100
Provisions: eggs,per dozen,Ohio,Canton,.10,1861,60
Provisions: eggs,per dozen,Ohio,Canton,.10,1862,100
Provisions: eggs,per dozen,Ohio,Canton,.10,1863,120
Provisions: eggs,per dozen,Ohio,Canton,.10,1864,100
Provisions: eggs,per dozen,Ohio,Canton,.10,1865,100
Provisions: eggs,per dozen,Ohio,Canton,.10,1866,100
Provisions: eggs,per dozen,Ohio,Springfield,.07,1860,100
Provisions: eggs,per dozen,Ohio,Springfield,.07,1861,143
Provisions: eggs,per dozen,Ohio,Springfield,.07,1862,143
Provisions: eggs,per dozen,Ohio,Springfield,.07,1863,171
Provisions: eggs,per dozen,Ohio,Springfield,.07,1864,186
Provisions: eggs,per dozen,Ohio,Springfield,.07,1865,214
Provisions: eggs,per dozen,Ohio,Springfield,.07,1866,229
Provisions: eggs,per dozen,Ohio,Zanesville,.15,1860,100
Provisions: eggs,per dozen,Ohio,Zanesville,.15,1861,40
Provisions: eggs,per dozen,Ohio,Zanesville,.15,1862,67
Provisions: eggs,per dozen,Ohio,Zanesville,.15,1863,67
Provisions: eggs,per dozen,Ohio,Zanesville,.15,1864,100
Provisions: eggs,per dozen,Ohio,Zanesville,.15,1865,100
Provisions: eggs,per dozen,Ohio,Zanesville,.15,1866,100
Provisions: eggs,per dozen,Ind,Lawrenceburg,.20,1860,100
Provisions: eggs,per dozen,Ind,Lawrenceburg,.20,1861,100
Provisions: eggs,per dozen,Ind,Lawrenceburg,.20,1862,100
Provisions: eggs,per dozen,Ind,Lawrenceburg,.20,1863,75
Provisions: eggs,per dozen,Ind,Lawrenceburg,.20,1864,75
Provisions: eggs,per dozen,Ind,Lawrenceburg,.20,1865,150
Provisions: eggs,per dozen,Ind,Lawrenceburg,.20,1866,150
Provisions: eggs,per dozen,Ia,Cedar Rapids,.05,1861,100
Provisions: eggs,per dozen,Ia,Cedar Rapids,.05,1862,100
Provisions: eggs,per dozen,Ia,Cedar Rapids,.05,1863,200
Provisions: eggs,per dozen,Ia,Cedar Rapids,.05,1864,200
Provisions: eggs,per dozen,Ia,Cedar Rapids,.05,1865,300
Provisions: eggs,per dozen,Ia,Cedar Rapids,.05,1866,300
Provisions: lard,per lb,Mass,Boston,0.12 5/6,1860,100
Provisions: lard,per lb,Mass,Boston,0.12 5/6,1861,85
Provisions: lard,per lb,Mass,Boston,0.12 5/6,1862,77
Provisions: lard,per lb,Mass,Boston,0.12 5/6,1863,88
Provisions: lard,per lb,Mass,Boston,0.12 5/6,1864,119
Provisions: lard,per lb,Mass,Boston,0.12 5/6,1865,199
Provisions: lard,per lb,Mass,Boston,0.12 5/6,1866,169
Provisions: lard,per lb,Conn,Jewett City,.14,1860,100
Provisions: lard,per lb,Conn,Jewett City,.14,1861,93
Provisions: lard,per lb,Conn,Jewett City,.14,1862,89
Provisions: lard,per lb,Conn,Jewett City,.14,1863,89
Provisions: lard,per lb,Conn,Jewett City,.14,1864,157
Provisions: lard,per lb,Conn,Jewett City,.14,1865,200
Provisions: lard,per lb,Conn,Jewett City,.14,1866,179
Provisions: lard,per lb,Conn,New London,.12,1860,100
Provisions: lard,per lb,Conn,New London,.12,1861,117
Provisions: lard,per lb,Conn,New London,.12,1862,117
Provisions: lard,per lb,Conn,New London,.12,1863,117
Provisions: lard,per lb,Conn,New London,.12,1864,117
Provisions: lard,per lb,Conn,New London,.12,1865,117
Provisions: lard,per lb,Conn,New London,.12,1866,133
Provisions: lard,per lb,Pa,Philadelphia,.10,1861,100
Provisions: lard,per lb,Pa,Philadelphia,.10,1862,105
Provisions: lard,per lb,Pa,Philadelphia,.10,1863,105
Provisions: lard,per lb,Pa,Philadelphia,.10,1864,140
Provisions: lard,per lb,Pa,Philadelphia,.10,1865,180
Provisions: lard,per lb,Pa,Philadelphia,.10,1866,190
Provisions: lard,per lb,W. Va,New Cumberland,.10,1860,100
Provisions: lard,per lb,W. Va,New Cumberland,.10,1861,120
Provisions: lard,per lb,W. Va,New Cumberland,.10,1862,140
Provisions: lard,per lb,W. Va,New Cumberland,.10,1863,140
Provisions: lard,per lb,W. Va,New Cumberland,.10,1864,140
Provisions: lard,per lb,W. Va,New Cumberland,.10,1865,140
Provisions: lard,per lb,W. Va,New Cumberland,.10,1866,150
Provisions: lard,per lb,Ohio,Canton,.09,1860,100
Provisions: lard,per lb,Ohio,Canton,.09,1861,67
Provisions: lard,per lb,Ohio,Canton,.09,1862,89
Provisions: lard,per lb,Ohio,Canton,.09,1863,133
Provisions: lard,per lb,Ohio,Canton,.09,1864,200
Provisions: lard,per lb,Ohio,Canton,.09,1865,222
Provisions: lard,per lb,Ohio,Canton,.09,1866,222
Provisions: lard,per lb,Ohio,Springfield,.07,1860,100
Provisions: lard,per lb,Ohio,Springfield,.07,1861,114
Provisions: lard,per lb,Ohio,Springfield,.07,1862,114
Provisions: lard,per lb,Ohio,Springfield,.07,1863,114
Provisions: lard,per lb,Ohio,Springfield,.07,1864,143
Provisions: lard,per lb,Ohio,Springfield,.07,1865,143
Provisions: lard,per lb,Ohio,Springfield,.07,1866,143
Provisions: lard,per lb,Ohio,Zanesville,.10,1860,100
Provisions: lard,per lb,Ohio,Zanesville,.10,1861,100
Provisions: lard,per lb,Ohio,Zanesville,.10,1862,120
Provisions: lard,per lb,Ohio,Zanesville,.10,1863,180
Provisions: lard,per lb,Ohio,Zanesville,.10,1864,200
Provisions: lard,per lb,Ohio,Zanesville,.10,1865,220
Provisions: lard,per lb,Ohio,Zanesville,.10,1866,220
Provisions: lard,per lb,Ind,Lawrenceburg,.15,1860,100
Provisions: lard,per lb,Ind,Lawrenceburg,.15,1861,100
Provisions: lard,per lb,Ind,Lawrenceburg,.15,1862,100
Provisions: lard,per lb,Ind,Lawrenceburg,.15,1863,100
Provisions: lard,per lb,Ind,Lawrenceburg,.15,1864,100
Provisions: lard,per lb,Ind,Lawrenceburg,.15,1865,100
Provisions: lard,per lb,Ind,Lawrenceburg,.15,1866,100
Provisions: mutton chops,per lb,Conn,New London,0.16,1860,100
Provisions: mutton chops,per lb,Conn,New London,0.16,1861,100
Provisions: mutton chops,per lb,Conn,New London,0.16,1862,100
Provisions: mutton chops,per lb,Conn,New London,0.16,1863,100
Provisions: mutton chops,per lb,Conn,New London,0.16,1864,100
Provisions: mutton chops,per lb,Conn,New London,0.16,1865,113
Provisions: mutton chops,per lb,Conn,New London,0.16,1866,113
Provisions: mutton chops,per lb,Pa,Philadelphia,.10,1861,100
Provisions: mutton chops,per lb,Pa,Philadelphia,.10,1862,110
Provisions: mutton chops,per lb,Pa,Philadelphia,.10,1863,120
Provisions: mutton chops,per lb,Pa,Philadelphia,.10,1864,140
Provisions: mutton chops,per lb,Pa,Philadelphia,.10,1865,180
Provisions: mutton chops,per lb,Pa,Philadelphia,.10,1866,180
Provisions: mutton chops,per lb,N. J.,Camden,.12,1860,100
Provisions: mutton chops,per lb,N. J.,Camden,.12,1861,117
Provisions: mutton chops,per lb,N. J.,Camden,.12,1862,117
Provisions: mutton chops,per lb,N. J.,Camden,.12,1863,125
Provisions: mutton chops,per lb,N. J.,Camden,.12,1864,150
Provisions: mutton chops,per lb,N. J.,Camden,.12,1865,208
Provisions: mutton chops,per lb,N. J.,Camden,.12,1866,208
Provisions: mutton chops,per lb,W. Va,New Cumberland,.08,1860,100
Provisions: mutton chops,per lb,W. Va,New Cumberland,.08,1861,150
Provisions: mutton chops,per lb,W. Va,New Cumberland,.08,1862,150
Provisions: mutton chops,per lb,W. Va,New Cumberland,.08,1863,150
Provisions: mutton chops,per lb,W. Va,New Cumberland,.08,1864,150
Provisions: mutton chops,per lb,W. Va,New Cumberland,.08,1865,150
Provisions: mutton chops,per lb,W. Va,New Cumberland,.08,1866,150
Provisions: mutton chops,per lb,Ohio,Zanesville,.10,1860,100
Provisions: mutton chops,per lb,Ohio,Zanesville,.10,1861,70
Provisions: mutton chops,per lb,Ohio,Zanesville,.10,1862,70
Provisions: mutton chops,per lb,Ohio,Zanesville,.10,1863,80
Provisions: mutton chops,per lb,Ohio,Zanesville,.10,1864,80
Provisions: mutton chops,per lb,Ohio,Zanesville,.10,1865,90
Provisions: mutton chops,per lb,Ohio,Zanesville,.10,1866,100
"Provisions: flour, wheat, superfine",per barrel,Conn,Jewett City,7.50,1860,100
"Provisions: flour, wheat, superfine",per barrel,Conn,Jewett City,7.50,1861,93
"Provisions: flour, wheat, superfine",per barrel,Conn,Jewett City,7.50,1862,97
"Provisions: flour, wheat, superfine",per barrel,Conn,Jewett City,7.50,1863,107
"Provisions: flour, wheat, superfine",per barrel,Conn,Jewett City,7.50,1864,127
"Provisions: flour, wheat, superfine",per barrel,Conn,Jewett City,7.50,1865,137
"Provisions: flour, wheat, superfine",per barrel,Conn,Jewett City,7.50,1866,173
"Provisions: flour, wheat, superfine",per barrel,Pa,Philadelphia,6.50,1861,100
"Provisions: flour, wheat, superfine",per barrel,Pa,Philadelphia,6.50,1862,115
"Provisions: flour, wheat, superfine",per barrel,Pa,Philadelphia,6.50,1863,138
"Provisions: flour, wheat, superfine",per barrel,Pa,Philadelphia,6.50,1864,185
"Provisions: flour, wheat, superfine",per barrel,Pa,Philadelphia,6.50,1865,192
"Provisions: flour, wheat, superfine",per barrel,Pa,Philadelphia,6.50,1866,192
"Provisions: flour, wheat, superfine",per barrel,Md,Baltimore,6.00,1860,100
"Provisions: flour, wheat, superfine",per barrel,Md,Baltimore,6.00,1861,104
"Provisions: flour, wheat, superfine",per barrel,Md,Baltimore,6.00,1862,129
"Provisions: flour, wheat, superfine",per barrel,Md,Baltimore,6.00,1863,125
"Provisions: flour, wheat, superfine",per barrel,Md,Baltimore,6.00,1864,175
"Provisions: flour, wheat, superfine",per barrel,Md,Baltimore,6.00,1865,167
"Provisions: flour, wheat, superfine",per barrel,Md,Baltimore,6.00,1866,188
"Provisions: flour, wheat, superfine",per barrel,W. Va,New Cumberland,4.50,1860,100
"Provisions: flour, wheat, superfine",per barrel,W. Va,New Cumberland,4.50,1861,133
"Provisions: flour, wheat, superfine",per barrel,W. Va,New Cumberland,4.50,1862,156
"Provisions: flour, wheat, superfine",per barrel,W. Va,New Cumberland,4.50,1863,167
"Provisions: flour, wheat, superfine",per barrel,W. Va,New Cumberland,4.50,1864,167
"Provisions: flour, wheat, superfine",per barrel,W. Va,New Cumberland,4.50,1865,167
"Provisions: flour, wheat, superfine",per barrel,W. Va,New Cumberland,4.50,1866,156
"Provisions: flour, wheat, superfine",per barrel,Ohio,Canton,5.75,1860,100
"Provisions: flour, wheat, superfine",per barrel,Ohio,Canton,5.75,1861,96
"Provisions: flour, wheat, superfine",per barrel,Ohio,Canton,5.75,1862,104
"Provisions: flour, wheat, superfine",per barrel,Ohio,Canton,5.75,1863,113
"Provisions: flour, wheat, superfine",per barrel,Ohio,Canton,5.75,1864,157
"Provisions: flour, wheat, superfine",per barrel,Ohio,Canton,5.75,1865,148
"Provisions: flour, wheat, superfine",per barrel,Ohio,Canton,5.75,1866,122
"Provisions: flour, wheat, superfine",per barrel,Ohio,Springfield,4.00,1860,100
"Provisions: flour, wheat, superfine",per barrel,Ohio,Springfield,4.00,1861,125
"Provisions: flour, wheat, superfine",per barrel,Ohio,Springfield,4.00,1862,113
"Provisions: flour, wheat, superfine",per barrel,Ohio,Springfield,4.00,1863,113
"Provisions: flour, wheat, superfine",per barrel,Ohio,Springfield,4.00,1864,200
"Provisions: flour, wheat, superfine",per barrel,Ohio,Springfield,4.00,1865,250
"Provisions: flour, wheat, superfine",per barrel,Ohio,Springfield,4.00,1866,300
"Provisions: flour, wheat, superfine",per barrel,Ohio,Zanesville,5.25,1860,100
"Provisions: flour, wheat, superfine",per barrel,Ohio,Zanesville,5.25,1861,114
"Provisions: flour, wheat, superfine",per barrel,Ohio,Zanesville,5.25,1862,114
"Provisions: flour, wheat, superfine",per barrel,Ohio,Zanesville,5.25,1863,181
"Provisions: flour, wheat, superfine",per barrel,Ohio,Zanesville,5.25,1864,190
"Provisions: flour, wheat, superfine",per barrel,Ohio,Zanesville,5.25,1865,200
"Provisions: flour, wheat, superfine",per barrel,Ohio,Zanesville,5.25,1866,229
"Provisions: flour, wheat, superfine",per barrel,Ia,Cedar Rapids,3.00,1861,100
"Provisions: flour, wheat, superfine",per barrel,Ia,Cedar Rapids,3.00,1862,108
"Provisions: flour, wheat, superfine",per barrel,Ia,Cedar Rapids,3.00,1863,267
"Provisions: flour, wheat, superfine",per barrel,Ia,Cedar Rapids,3.00,1864,267
"Provisions: flour, wheat, superfine",per barrel,Ia,Cedar Rapids,3.00,1865,300
"Provisions: flour, wheat, superfine",per barrel,Ia,Cedar Rapids,3.00,1866,300
Provisions: milk,per quart,Pa,Philadelphia,0.06,1861,100
Provisions: milk,per quart,Pa,Philadelphia,0.06,1862,100
Provisions: milk,per quart,Pa,Philadelphia,0.06,1863,117
Provisions: milk,per quart,Pa,Philadelphia,0.06,1864,117
Provisions: milk,per quart,Pa,Philadelphia,0.06,1865,167
Provisions: milk,per quart,Pa,Philadelphia,0.06,1866,167
Provisions: milk,per quart,W. Va,New Cumberland,.04,1860,100
Provisions: milk,per quart,W. Va,New Cumberland,.04,1861,200
Provisions: milk,per quart,W. Va,New Cumberland,.04,1862,200
Provisions: milk,per quart,W. Va,New Cumberland,.04,1863,200
Provisions: milk,per quart,W. Va,New Cumberland,.04,1864,250
Provisions: milk,per quart,W. Va,New Cumberland,.04,1865,250
Provisions: milk,per quart,W. Va,New Cumberland,.04,1866,200
Provisions: milk,per quart,Ohio,Canton,.03,1860,100
Provisions: milk,per quart,Ohio,Canton,.03,1861,133
Provisions: milk,per quart,Ohio,Canton,.03,1862,167
Provisions: milk,per quart,Ohio,Canton,.03,1863,200
Provisions: milk,per quart,Ohio,Canton,.03,1864,267
Provisions: milk,per quart,Ohio,Canton,.03,1865,200
Provisions: milk,per quart,Ohio,Canton,.03,1866,200
Provisions: milk,per quart,Ohio,Springfield,.05,1860,100
Provisions: milk,per quart,Ohio,Springfield,.05,1861,120
Provisions: milk,per quart,Ohio,Springfield,.05,1862,120
Provisions: milk,per quart,Ohio,Springfield,.05,1863,160
Provisions: milk,per quart,Ohio,Springfield,.05,1864,160
Provisions: milk,per quart,Ohio,Springfield,.05,1865,160
Provisions: milk,per quart,Ohio,Springfield,.05,1866,160
Provisions: milk,per quart,Ohio,Zanesville,.06,1860,100
Provisions: milk,per quart,Ohio,Zanesville,.06,1861,100
Provisions: milk,per quart,Ohio,Zanesville,.06,1862,100
Provisions: milk,per quart,Ohio,Zanesville,.06,1863,133
Provisions: milk,per quart,Ohio,Zanesville,.06,1864,133
Provisions: milk,per quart,Ohio,Zanesville,.06,1865,133
Provisions: milk,per quart,Ohio,Zanesville,.06,1866,167
Provisions: milk,per quart,Ind,Lawrenceburg,.07,1860,100
Provisions: milk,per quart,Ind,Lawrenceburg,.07,1861,100
Provisions: milk,per quart,Ind,Lawrenceburg,.07,1862,114
Provisions: milk,per quart,Ind,Lawrenceburg,.07,1863,143
Provisions: milk,per quart,Ind,Lawrenceburg,.07,1864,143
Provisions: milk,per quart,Ind,Lawrenceburg,.07,1865,143
Provisions: milk,per quart,Ind,Lawrenceburg,.07,1866,143
Provisions: milk,per quart,Ia,Cedar Rapids,.04,1861,100
Provisions: milk,per quart,Ia,Cedar Rapids,.04,1862,125
Provisions: milk,per quart,Ia,Cedar Rapids,.04,1863,125
Provisions: milk,per quart,Ia,Cedar Rapids,.04,1864,150
Provisions: milk,per quart,Ia,Cedar Rapids,.04,1865,150
Provisions: milk,per quart,Ia,Cedar Rapids,.04,1866,150
"Provisions: mackerel, pickled",per lb,Conn,Jewett City,0.09,1860,100
"Provisions: mackerel, pickled",per lb,Conn,Jewett City,0.09,1861,78
"Provisions: mackerel, pickled",per lb,Conn,Jewett City,0.09,1862,89
"Provisions: mackerel, pickled",per lb,Conn,Jewett City,0.09,1863,89
"Provisions: mackerel, pickled",per lb,Conn,Jewett City,0.09,1864,122
"Provisions: mackerel, pickled",per lb,Conn,Jewett City,0.09,1865,111
"Provisions: mackerel, pickled",per lb,Conn,Jewett City,0.09,1866,111
"Provisions: mackerel, pickled",per lb,Pa,Philadelphia,.08,1861,100
"Provisions: mackerel, pickled",per lb,Pa,Philadelphia,.08,1862,113
"Provisions: mackerel, pickled",per lb,Pa,Philadelphia,.08,1863,125
"Provisions: mackerel, pickled",per lb,Pa,Philadelphia,.08,1864,175
"Provisions: mackerel, pickled",per lb,Pa,Philadelphia,.08,1865,200
"Provisions: mackerel, pickled",per lb,Pa,Philadelphia,.08,1866,225
"Provisions: mackerel, pickled",per lb,W. Va,New Cumberland,.04,1860,100
"Provisions: mackerel, pickled",per lb,W. Va,New Cumberland,.04,1861,150
"Provisions: mackerel, pickled",per lb,W. Va,New Cumberland,.04,1862,200
"Provisions: mackerel, pickled",per lb,W. Va,New Cumberland,.04,1863,200
"Provisions: mackerel, pickled",per lb,W. Va,New Cumberland,.04,1864,200
"Provisions: mackerel, pickled",per lb,W. Va,New Cumberland,.04,1865,200
"Provisions: mackerel, pickled",per lb,W. Va,New Cumberland,.04,1866,200
"Provisions: mackerel, pickled",per lb,Ohio,Canton,.08,1860,100
"Provisions: mackerel, pickled",per lb,Ohio,Canton,.08,1861,75
"Provisions: mackerel, pickled",per lb,Ohio,Canton,.08,1862,100
"Provisions: mackerel, pickled",per lb,Ohio,Canton,.08,1863,125
"Provisions: mackerel, pickled",per lb,Ohio,Canton,.08,1864,125
"Provisions: mackerel, pickled",per lb,Ohio,Canton,.08,1865,125
"Provisions: mackerel, pickled",per lb,Ohio,Canton,.08,1866,125
"Provisions: mackerel, pickled",per lb,Ohio,Zanesville,.10,1860,100
"Provisions: mackerel, pickled",per lb,Ohio,Zanesville,.10,1861,50
"Provisions: mackerel, pickled",per lb,Ohio,Zanesville,.10,1862,60
"Provisions: mackerel, pickled",per lb,Ohio,Zanesville,.10,1863,70
"Provisions: mackerel, pickled",per lb,Ohio,Zanesville,.10,1864,80
"Provisions: mackerel, pickled",per lb,Ohio,Zanesville,.10,1865,100
"Provisions: mackerel, pickled",per lb,Ohio,Zanesville,.10,1866,100
"Provisions: mackerel, pickled",per lb,Ind,Lawrenceburg,.08,1860,100
"Provisions: mackerel, pickled",per lb,Ind,Lawrenceburg,.08,1861,100
"Provisions: mackerel, pickled",per lb,Ind,Lawrenceburg,.08,1862,100
"Provisions: mackerel, pickled",per lb,Ind,Lawrenceburg,.08,1863,125
"Provisions: mackerel, pickled",per lb,Ind,Lawrenceburg,.08,1864,188
"Provisions: mackerel, pickled",per lb,Ind,Lawrenceburg,.08,1865,125
"Provisions: mackerel, pickled",per lb,Ind,Lawrenceburg,.08,1866,125
"Provisions: mackerel, pickled",per lb,Ia,Cedar Rapids,.07,1861,100
"Provisions: mackerel, pickled",per lb,Ia,Cedar Rapids,.07,1862,114
"Provisions: mackerel, pickled",per lb,Ia,Cedar Rapids,.07,1863,143
"Provisions: mackerel, pickled",per lb,Ia,Cedar Rapids,.07,1864,179
"Provisions: mackerel, pickled",per lb,Ia,Cedar Rapids,.07,1865,179
"Provisions: mackerel, pickled",per lb,Ia,Cedar Rapids,.07,1866,179
"Provisions: mutton, forequarters",per lb,Mass,Boston,0.10 7/24,1860,100
"Provisions: mutton, forequarters",per lb,Mass,Boston,0.10 7/24,1861,95
"Provisions: mutton, forequarters",per lb,Mass,Boston,0.10 7/24,1862,61
"Provisions: mutton, forequarters",per lb,Mass,Boston,0.10 7/24,1863,88
"Provisions: mutton, forequarters",per lb,Mass,Boston,0.10 7/24,1864,117
"Provisions: mutton, forequarters",per lb,Mass,Boston,0.10 7/24,1865,124
"Provisions: mutton, forequarters",per lb,Mass,Boston,0.10 7/24,1866,112
"Provisions: mutton, forequarters",per lb,Conn,New London,.10,1860,100
"Provisions: mutton, forequarters",per lb,Conn,New London,.10,1861,130
"Provisions: mutton, forequarters",per lb,Conn,New London,.10,1862,130
"Provisions: mutton, forequarters",per lb,Conn,New London,.10,1863,130
"Provisions: mutton, forequarters",per lb,Conn,New London,.10,1864,130
"Provisions: mutton, forequarters",per lb,Conn,New London,.10,1865,140
"Provisions: mutton, forequarters",per lb,Conn,New London,.10,1866,140
"Provisions: mutton, forequarters",per lb,N. J.,Camden,.07,1860,100
"Provisions: mutton, forequarters",per lb,N. J.,Camden,.07,1861,114
"Provisions: mutton, forequarters",per lb,N. J.,Camden,.07,1862,114
"Provisions: mutton, forequarters",per lb,N. J.,Camden,.07,1863,143
"Provisions: mutton, forequarters",per lb,N. J.,Camden,.07,1864,157
"Provisions: mutton, forequarters",per lb,N. J.,Camden,.07,1865,171
"Provisions: mutton, forequarters",per lb,N. J.,Camden,.07,1866,171
"Provisions: mutton, forequarters",per lb,Pa,Philadelphia,.05,1861,100
"Provisions: mutton, forequarters",per lb,Pa,Philadelphia,.05,1862,120
"Provisions: mutton, forequarters",per lb,Pa,Philadelphia,.05,1863,120
"Provisions: mutton, forequarters",per lb,Pa,Philadelphia,.05,1864,160
"Provisions: mutton, forequarters",per lb,Pa,Philadelphia,.05,1865,240
"Provisions: mutton, forequarters",per lb,Pa,Philadelphia,.05,1866,240
"Provisions: mutton, forequarters",per lb,W. Va,New Cumberland,.05,1860,100
"Provisions: mutton, forequarters",per lb,W. Va,New Cumberland,.05,1861,140
"Provisions: mutton, forequarters",per lb,W. Va,New Cumberland,.05,1862,140
"Provisions: mutton, forequarters",per lb,W. Va,New Cumberland,.05,1863,140
"Provisions: mutton, forequarters",per lb,W. Va,New Cumberland,.05,1864,140
"Provisions: mutton, forequarters",per lb,W. Va,New Cumberland,.05,1865,140
"Provisions: mutton, forequarters",per lb,W. Va,New Cumberland,.05,1866,140
"Provisions: mutton, forequarters",per lb,Ohio,Zanesville,.05,1860,100
"Provisions: mutton, forequarters",per lb,Ohio,Zanesville,.05,1861,100
"Provisions: mutton, forequarters",per lb,Ohio,Zanesville,.05,1862,100
"Provisions: mutton, forequarters",per lb,Ohio,Zanesville,.05,1863,120
"Provisions: mutton, forequarters",per lb,Ohio,Zanesville,.05,1864,120
"Provisions: mutton, forequarters",per lb,Ohio,Zanesville,.05,1865,140
"Provisions: mutton, forequarters",per lb,Ohio,Zanesville,.05,1866,140
"Provisions: mutton, forequarters",per lb,Ind,Evansville,.075,1861,100
"Provisions: mutton, forequarters",per lb,Ind,Evansville,.075,1862,100
"Provisions: mutton, forequarters",per lb,Ind,Evansville,.075,1863,167
"Provisions: mutton, forequarters",per lb,Ind,Evansville,.075,1864,200
"Provisions: mutton, forequarters",per lb,Ind,Evansville,.075,1865,200
"Provisions: mutton, forequarters",per lb,Ind,Evansville,.075,1866,200
"Provisions: pork, bacon",per lb,Conn,New London,0.12,1860,100
"Provisions: pork, bacon",per lb,Conn,New London,0.12,1861,117
"Provisions: pork, bacon",per lb,Conn,New London,0.12,1862,117
"Provisions: pork, bacon",per lb,Conn,New London,0.12,1863,117
"Provisions: pork, bacon",per lb,Conn,New London,0.12,1864,117
"Provisions: pork, bacon",per lb,Conn,New London,0.12,1865,117
"Provisions: pork, bacon",per lb,Conn,New London,0.12,1866,133
"Provisions: pork, bacon",per lb,Pa,Philadelphia,.09,1861,100
"Provisions: pork, bacon",per lb,Pa,Philadelphia,.09,1862,100
"Provisions: pork, bacon",per lb,Pa,Philadelphia,.09,1863,111
"Provisions: pork, bacon",per lb,Pa,Philadelphia,.09,1864,133
"Provisions: pork, bacon",per lb,Pa,Philadelphia,.09,1865,200
"Provisions: pork, bacon",per lb,Pa,Philadelphia,.09,1866,200
"Provisions: pork, bacon",per lb,W. Va,New Cumberland,.08,1860,100
"Provisions: pork, bacon",per lb,W. Va,New Cumberland,.08,1861,125
"Provisions: pork, bacon",per lb,W. Va,New Cumberland,.08,1862,150
"Provisions: pork, bacon",per lb,W. Va,New Cumberland,.08,1863,150
"Provisions: pork, bacon",per lb,W. Va,New Cumberland,.08,1864,175
"Provisions: pork, bacon",per lb,W. Va,New Cumberland,.08,1865,175
"Provisions: pork, bacon",per lb,W. Va,New Cumberland,.08,1866,150
"Provisions: pork, bacon",per lb,Ohio,Canton,.06,1861,100
"Provisions: pork, bacon",per lb,Ohio,Canton,.06,1862,133
"Provisions: pork, bacon",per lb,Ohio,Canton,.06,1863,250
"Provisions: pork, bacon",per lb,Ohio,Canton,.06,1864,333
"Provisions: pork, bacon",per lb,Ohio,Canton,.06,1865,250
"Provisions: pork, bacon",per lb,Ohio,Springfield,.055,1860,100
"Provisions: pork, bacon",per lb,Ohio,Springfield,.055,1861,109
"Provisions: pork, bacon",per lb,Ohio,Springfield,.055,1862,109
"Provisions: pork, bacon",per lb,Ohio,Springfield,.055,1863,109
"Provisions: pork, bacon",per lb,Ohio,Springfield,.055,1864,218
"Provisions: pork, bacon",per lb,Ohio,Springfield,.055,1865,218
"Provisions: pork, bacon",per lb,Ohio,Springfield,.055,1866,218
"Provisions: pork, bacon",per lb,Ohio,Zanesville,.10,1860,100
"Provisions: pork, bacon",per lb,Ohio,Zanesville,.10,1861,100
"Provisions: pork, bacon",per lb,Ohio,Zanesville,.10,1862,120
"Provisions: pork, bacon",per lb,Ohio,Zanesville,.10,1863,140
"Provisions: pork, bacon",per lb,Ohio,Zanesville,.10,1864,180
"Provisions: pork, bacon",per lb,Ohio,Zanesville,.10,1865,200
"Provisions: pork, bacon",per lb,Ohio,Zanesville,.10,1866,200
"Provisions: pork, bacon",per lb,Ind,Lawrenceburg,.18,1860,100
"Provisions: pork, bacon",per lb,Ind,Lawrenceburg,.18,1861,78
"Provisions: pork, bacon",per lb,Ind,Lawrenceburg,.18,1862,83
"Provisions: pork, bacon",per lb,Ind,Lawrenceburg,.18,1863,94
"Provisions: pork, bacon",per lb,Ind,Lawrenceburg,.18,1864,97
"Provisions: pork, bacon",per lb,Ind,Lawrenceburg,.18,1865,83
"Provisions: pork, bacon",per lb,Ind,Lawrenceburg,.18,1866,67
"Provisions: pork, corned or salted",per lb,Mass,Boston,0.10 1/12,1860,100
"Provisions: pork, corned or salted",per lb,Mass,Boston,0.10 1/12,1861,95
"Provisions: pork, corned or salted",per lb,Mass,Boston,0.10 1/12,1862,89
"Provisions: pork, corned or salted",per lb,Mass,Boston,0.10 1/12,1863,93
"Provisions: pork, corned or salted",per lb,Mass,Boston,0.10 1/12,1864,139
"Provisions: pork, corned or salted",per lb,Mass,Boston,0.10 1/12,1865,212
"Provisions: pork, corned or salted",per lb,Mass,Boston,0.10 1/12,1866,183
"Provisions: pork, corned or salted",per lb,Conn,Jewett City,.125,1860,100
"Provisions: pork, corned or salted",per lb,Conn,Jewett City,.125,1861,100
"Provisions: pork, corned or salted",per lb,Conn,Jewett City,.125,1862,80
"Provisions: pork, corned or salted",per lb,Conn,Jewett City,.125,1863,96
"Provisions: pork, corned or salted",per lb,Conn,Jewett City,.125,1864,176
"Provisions: pork, corned or salted",per lb,Conn,Jewett City,.125,1865,200
"Provisions: pork, corned or salted",per lb,Conn,Jewett City,.125,1866,192
"Provisions: pork, corned or salted",per lb,Conn,New London,.11,1860,100
"Provisions: pork, corned or salted",per lb,Conn,New London,.11,1861,109
"Provisions: pork, corned or salted",per lb,Conn,New London,.11,1862,109
"Provisions: pork, corned or salted",per lb,Conn,New London,.11,1863,109
"Provisions: pork, corned or salted",per lb,Conn,New London,.11,1864,109
"Provisions: pork, corned or salted",per lb,Conn,New London,.11,1865,109
"Provisions: pork, corned or salted",per lb,Conn,New London,.11,1866,127
"Provisions: pork, corned or salted",per lb,Pa,Philadelphia,.09,1861,100
"Provisions: pork, corned or salted",per lb,Pa,Philadelphia,.09,1862,100
"Provisions: pork, corned or salted",per lb,Pa,Philadelphia,.09,1863,111
"Provisions: pork, corned or salted",per lb,Pa,Philadelphia,.09,1864,133
"Provisions: pork, corned or salted",per lb,Pa,Philadelphia,.09,1865,200
"Provisions: pork, corned or salted",per lb,Pa,Philadelphia,.09,1866,200
"Provisions: pork, corned or salted",per lb,W. Va,New Cumberland,.06,1860,100
"Provisions: pork, corned or salted",per lb,W. Va,New Cumberland,.06,1861,117
"Provisions: pork, corned or salted",per lb,W. Va,New Cumberland,.06,1862,133
"Provisions: pork, corned or salted",per lb,W. Va,New Cumberland,.06,1863,133
"Provisions: pork, corned or salted",per lb,W. Va,New Cumberland,.06,1864,133
"Provisions: pork, corned or salted",per lb,W. Va,New Cumberland,.06,1865,150
"Provisions: pork, corned or salted",per lb,W. Va,New Cumberland,.06,1866,150
"Provisions: pork, corned or salted",per lb,Ohio,Zanesville,.055,1860,100
"Provisions: pork, corned or salted",per lb,Ohio,Zanesville,.055,1861,164
"Provisions: pork, corned or salted",per lb,Ohio,Zanesville,.055,1862,182
"Provisions: pork, corned or salted",per lb,Ohio,Zanesville,.055,1863,218
"Provisions: pork, corned or salted",per lb,Ohio,Zanesville,.055,1864,291
"Provisions: pork, corned or salted",per lb,Ohio,Zanesville,.055,1865,327
"Provisions: pork, corned or salted",per lb,Ohio,Zanesville,.055,1866,327
"Provisions: mutton, leg",per lb,Conn,New London,0.16,1860,100
"Provisions: mutton, leg",per lb,Conn,New London,0.16,1861,100
"Provisions: mutton, leg",per lb,Conn,New London,0.16,1862,100
"Provisions: mutton, leg",per lb,Conn,New London,0.16,1863,100
"Provisions: mutton, leg",per lb,Conn,New London,0.16,1864,100
"Provisions: mutton, leg",per lb,Conn,New London,0.16,1865,113
"Provisions: mutton, leg",per lb,Conn,New London,0.16,1866,113
"Provisions: mutton, leg",per lb,N. J.,Camden,.09,1860,100
"Provisions: mutton, leg",per lb,N. J.,Camden,.09,1861,111
"Provisions: mutton, leg",per lb,N. J.,Camden,.09,1862,133
"Provisions: mutton, leg",per lb,N. J.,Camden,.09,1863,133
"Provisions: mutton, leg",per lb,N. J.,Camden,.09,1864,178
"Provisions: mutton, leg",per lb,N. J.,Camden,.09,1865,244
"Provisions: mutton, leg",per lb,N. J.,Camden,.09,1866,244
"Provisions: mutton, leg",per lb,Pa,Philadelphia,.10,1861,100
"Provisions: mutton, leg",per lb,Pa,Philadelphia,.10,1862,110
"Provisions: mutton, leg",per lb,Pa,Philadelphia,.10,1863,120
"Provisions: mutton, leg",per lb,Pa,Philadelphia,.10,1864,140
"Provisions: mutton, leg",per lb,Pa,Philadelphia,.10,1865,180
"Provisions: mutton, leg",per lb,Pa,Philadelphia,.10,1866,180
"Provisions: mutton, leg",per lb,W. Va,New Cumberland,.06,1860,100
"Provisions: mutton, leg",per lb,W. Va,New Cumberland,.06,1861,150
"Provisions: mutton, leg",per lb,W. Va,New Cumberland,.06,1862,150
"Provisions: mutton, leg",per lb,W. Va,New Cumberland,.06,1863,150
"Provisions: mutton, leg",per lb,W. Va,New Cumberland,.06,1864,150
"Provisions: mutton, leg",per lb,W. Va,New Cumberland,.06,1865,150
"Provisions: mutton, leg",per lb,W. Va,New Cumberland,.06,1866,150
"Provisions: mutton, leg",per lb,Ohio,Zanesville,.07,1860,100
"Provisions: mutton, leg",per lb,Ohio,Zanesville,.07,1861,86
"Provisions: mutton, leg",per lb,Ohio,Zanesville,.07,1862,86
"Provisions: mutton, leg",per lb,Ohio,Zanesville,.07,1863,100
"Provisions: mutton, leg",per lb,Ohio,Zanesville,.07,1864,100
"Provisions: mutton, leg",per lb,Ohio,Zanesville,.07,1865,114
"Provisions: mutton, leg",per lb,Ohio,Zanesville,.07,1866,129
"Provisions: pork, fresh",per lb,Mass,Boston,0.0975,1860,100
"Provisions: pork, fresh",per lb,Mass,Boston,0.0975,1861,87
"Provisions: pork, fresh",per lb,Mass,Boston,0.0975,1862,85
"Provisions: pork, fresh",per lb,Mass,Boston,0.0975,1863,92
"Provisions: pork, fresh",per lb,Mass,Boston,0.0975,1864,128
"Provisions: pork, fresh",per lb,Mass,Boston,0.0975,1865,185
"Provisions: pork, fresh",per lb,Mass,Boston,0.0975,1866,155
"Provisions: pork, fresh",per lb,Conn,New London,.11,1860,100
"Provisions: pork, fresh",per lb,Conn,New London,.11,1861,109
"Provisions: pork, fresh",per lb,Conn,New London,.11,1862,109
"Provisions: pork, fresh",per lb,Conn,New London,.11,1863,109
"Provisions: pork, fresh",per lb,Conn,New London,.11,1864,109
"Provisions: pork, fresh",per lb,Conn,New London,.11,1865,109
"Provisions: pork, fresh",per lb,Conn,New London,.11,1866,127
"Provisions: pork, fresh",per lb,Pa,Philadelphia,.10,1861,100
"Provisions: pork, fresh",per lb,Pa,Philadelphia,.10,1862,100
"Provisions: pork, fresh",per lb,Pa,Philadelphia,.10,1863,120
"Provisions: pork, fresh",per lb,Pa,Philadelphia,.10,1864,140
"Provisions: pork, fresh",per lb,Pa,Philadelphia,.10,1865,200
"Provisions: pork, fresh",per lb,Pa,Philadelphia,.10,1866,220
"Provisions: pork, fresh",per lb,W. Va,New Cumberland,.04,1860,100
"Provisions: pork, fresh",per lb,W. Va,New Cumberland,.04,1861,125
"Provisions: pork, fresh",per lb,W. Va,New Cumberland,.04,1862,150
"Provisions: pork, fresh",per lb,W. Va,New Cumberland,.04,1863,150
"Provisions: pork, fresh",per lb,W. Va,New Cumberland,.04,1864,150
"Provisions: pork, fresh",per lb,W. Va,New Cumberland,.04,1865,200
"Provisions: pork, fresh",per lb,W. Va,New Cumberland,.04,1866,200
"Provisions: pork, fresh",per lb,Ohio,Canton,.045,1860,100
"Provisions: pork, fresh",per lb,Ohio,Canton,.045,1861,133
"Provisions: pork, fresh",per lb,Ohio,Canton,.045,1862,133
"Provisions: pork, fresh",per lb,Ohio,Canton,.045,1863,178
"Provisions: pork, fresh",per lb,Ohio,Canton,.045,1864,278
"Provisions: pork, fresh",per lb,Ohio,Canton,.045,1865,278
"Provisions: pork, fresh",per lb,Ohio,Canton,.045,1866,333
"Provisions: pork, fresh",per lb,Ohio,Zanesville,.06,1860,100
"Provisions: pork, fresh",per lb,Ohio,Zanesville,.06,1861,150
"Provisions: pork, fresh",per lb,Ohio,Zanesville,.06,1862,150
"Provisions: pork, fresh",per lb,Ohio,Zanesville,.06,1863,167
"Provisions: pork, fresh",per lb,Ohio,Zanesville,.06,1864,300
"Provisions: pork, fresh",per lb,Ohio,Zanesville,.06,1865,300
"Provisions: pork, fresh",per lb,Ohio,Zanesville,.06,1866,300
"Provisions: pork, hams, smoked",per lb,Mass,Boston,0.11 3/8,1860,100
"Provisions: pork, hams, smoked",per lb,Mass,Boston,0.11 3/8,1861,93
"Provisions: pork, hams, smoked",per lb,Mass,Boston,0.11 3/8,1862,84
"Provisions: pork, hams, smoked",per lb,Mass,Boston,0.11 3/8,1863,97
"Provisions: pork, hams, smoked",per lb,Mass,Boston,0.11 3/8,1864,154
"Provisions: pork, hams, smoked",per lb,Mass,Boston,0.11 3/8,1865,197
"Provisions: pork, hams, smoked",per lb,Mass,Boston,0.11 3/8,1866,182
"Provisions: pork, hams, smoked",per lb,Conn,Jewett City,.13,1860,100
"Provisions: pork, hams, smoked",per lb,Conn,Jewett City,.13,1861,96
"Provisions: pork, hams, smoked",per lb,Conn,Jewett City,.13,1862,77
"Provisions: pork, hams, smoked",per lb,Conn,Jewett City,.13,1863,96
"Provisions: pork, hams, smoked",per lb,Conn,Jewett City,.13,1864,150
"Provisions: pork, hams, smoked",per lb,Conn,Jewett City,.13,1865,192
"Provisions: pork, hams, smoked",per lb,Conn,Jewett City,.13,1866,192
"Provisions: pork, hams, smoked",per lb,Conn,New London,.14,1860,100
"Provisions: pork, hams, smoked",per lb,Conn,New London,.14,1861,100
"Provisions: pork, hams, smoked",per lb,Conn,New London,.14,1862,100
"Provisions: pork, hams, smoked",per lb,Conn,New London,.14,1863,100
"Provisions: pork, hams, smoked",per lb,Conn,New London,.14,1864,100
"Provisions: pork, hams, smoked",per lb,Conn,New London,.14,1865,100
"Provisions: pork, hams, smoked",per lb,Conn,New London,.14,1866,114
"Provisions: pork, hams, smoked",per lb,Pa,Philadelphia,.10,1861,100
"Provisions: pork, hams, smoked",per lb,Pa,Philadelphia,.10,1862,100
"Provisions: pork, hams, smoked",per lb,Pa,Philadelphia,.10,1863,120
"Provisions: pork, hams, smoked",per lb,Pa,Philadelphia,.10,1864,150
"Provisions: pork, hams, smoked",per lb,Pa,Philadelphia,.10,1865,240
"Provisions: pork, hams, smoked",per lb,Pa,Philadelphia,.10,1866,250
"Provisions: pork, hams, smoked",per lb,W. Va,New Cumberland,.12,1860,100
"Provisions: pork, hams, smoked",per lb,W. Va,New Cumberland,.12,1861,117
"Provisions: pork, hams, smoked",per lb,W. Va,New Cumberland,.12,1862,133
"Provisions: pork, hams, smoked",per lb,W. Va,New Cumberland,.12,1863,133
"Provisions: pork, hams, smoked",per lb,W. Va,New Cumberland,.12,1864,133
"Provisions: pork, hams, smoked",per lb,W. Va,New Cumberland,.12,1865,150
"Provisions: pork, hams, smoked",per lb,W. Va,New Cumberland,.12,1866,150
"Provisions: pork, hams, smoked",per lb,Ohio,Canton,.09,1860,100
"Provisions: pork, hams, smoked",per lb,Ohio,Canton,.09,1861,139
"Provisions: pork, hams, smoked",per lb,Ohio,Canton,.09,1862,139
"Provisions: pork, hams, smoked",per lb,Ohio,Canton,.09,1863,167
"Provisions: pork, hams, smoked",per lb,Ohio,Canton,.09,1864,222
"Provisions: pork, hams, smoked",per lb,Ohio,Canton,.09,1865,278
"Provisions: pork, hams, smoked",per lb,Ohio,Canton,.09,1866,244
"Provisions: pork, hams, smoked",per lb,Ohio,Springfield,.075,1860,100
"Provisions: pork, hams, smoked",per lb,Ohio,Springfield,.075,1861,107
"Provisions: pork, hams, smoked",per lb,Ohio,Springfield,.075,1862,107
"Provisions: pork, hams, smoked",per lb,Ohio,Springfield,.075,1863,107
"Provisions: pork, hams, smoked",per lb,Ohio,Springfield,.075,1864,200
"Provisions: pork, hams, smoked",per lb,Ohio,Springfield,.075,1865,200
"Provisions: pork, hams, smoked",per lb,Ohio,Springfield,.075,1866,200
"Provisions: pork, hams, smoked",per lb,Ohio,Zanesville,.11,1860,100
"Provisions: pork, hams, smoked",per lb,Ohio,Zanesville,.11,1861,109
"Provisions: pork, hams, smoked",per lb,Ohio,Zanesville,.11,1862,136
"Provisions: pork, hams, smoked",per lb,Ohio,Zanesville,.11,1863,164
"Provisions: pork, hams, smoked",per lb,Ohio,Zanesville,.11,1864,182
"Provisions: pork, hams, smoked",per lb,Ohio,Zanesville,.11,1865,227
"Provisions: pork, hams, smoked",per lb,Ohio,Zanesville,.11,1866,227
"Provisions: pork, hams, smoked",per lb,Ind,Lawrenceburg,.20,1860,100
"Provisions: pork, hams, smoked",per lb,Ind,Lawrenceburg,.20,1861,75
"Provisions: pork, hams, smoked",per lb,Ind,Lawrenceburg,.20,1862,85
"Provisions: pork, hams, smoked",per lb,Ind,Lawrenceburg,.20,1863,90
"Provisions: pork, hams, smoked",per lb,Ind,Lawrenceburg,.20,1864,95
"Provisions: pork, hams, smoked",per lb,Ind,Lawrenceburg,.20,1865,80
"Provisions: pork, hams, smoked",per lb,Ind,Lawrenceburg,.20,1866,75
"Provisions: pork, sausages",per lb,Mass,Boston,0.1125,1860,100
"Provisions: pork, sausages",per lb,Mass,Boston,0.1125,1861,97
"Provisions: pork, sausages",per lb,Mass,Boston,0.1125,1862,100
"Provisions: pork, sausages",per lb,Mass,Boston,0.1125,1863,93
"Provisions: pork, sausages",per lb,Mass,Boston,0.1125,1864,113
"Provisions: pork, sausages",per lb,Mass,Boston,0.1125,1865,192
"Provisions: pork, sausages",per lb,Mass,Boston,0.1125,1866,176
"Provisions: pork, sausages",per lb,Conn,New London,.12,1860,100
"Provisions: pork, sausages",per lb,Conn,New London,.12,1861,117
"Provisions: pork, sausages",per lb,Conn,New London,.12,1862,117
"Provisions: pork, sausages",per lb,Conn,New London,.12,1863,117
"Provisions: pork, sausages",per lb,Conn,New London,.12,1864,117
"Provisions: pork, sausages",per lb,Conn,New London,.12,1865,117
"Provisions: pork, sausages",per lb,Conn,New London,.12,1866,133
"Provisions: pork, sausages",per lb,Pa,Philadelphia,.10,1861,100
"Provisions: pork, sausages",per lb,Pa,Philadelphia,.10,1862,100
"Provisions: pork, sausages",per lb,Pa,Philadelphia,.10,1863,120
"Provisions: pork, sausages",per lb,Pa,Philadelphia,.10,1864,150
"Provisions: pork, sausages",per lb,Pa,Philadelphia,.10,1865,200
"Provisions: pork, sausages",per lb,Pa,Philadelphia,.10,1866,220
"Provisions: pork, sausages",per lb,W. Va,New Cumberland,.10,1860,100
"Provisions: pork, sausages",per lb,W. Va,New Cumberland,.10,1861,120
"Provisions: pork, sausages",per lb,W. Va,New Cumberland,.10,1862,140
"Provisions: pork, sausages",per lb,W. Va,New Cumberland,.10,1863,140
"Provisions: pork, sausages",per lb,W. Va,New Cumberland,.10,1864,140
"Provisions: pork, sausages",per lb,W. Va,New Cumberland,.10,1865,150
"Provisions: pork, sausages",per lb,W. Va,New Cumberland,.10,1866,150
"Provisions: pork, sausages",per lb,Ohio,Springfield,.07,1860,100
"Provisions: pork, sausages",per lb,Ohio,Springfield,.07,1861,100
"Provisions: pork, sausages",per lb,Ohio,Springfield,.07,1862,100
"Provisions: pork, sausages",per lb,Ohio,Springfield,.07,1863,100
"Provisions: pork, sausages",per lb,Ohio,Springfield,.07,1864,114
"Provisions: pork, sausages",per lb,Ohio,Springfield,.07,1865,114
"Provisions: pork, sausages",per lb,Ohio,Springfield,.07,1866,114
"Provisions: pork, sausages",per lb,Ohio,Zanesville,.085,1860,100
"Provisions: pork, sausages",per lb,Ohio,Zanesville,.085,1861,118
"Provisions: pork, sausages",per lb,Ohio,Zanesville,.085,1862,141
"Provisions: pork, sausages",per lb,Ohio,Zanesville,.085,1863,176
"Provisions: pork, sausages",per lb,Ohio,Zanesville,.085,1864,212
"Provisions: pork, sausages",per lb,Ohio,Zanesville,.085,1865,235
"Provisions: pork, sausages",per lb,Ohio,Zanesville,.085,1866,235
"Provisions: pork, shoulders",per lb,Conn,New London,0.08,1860,100
"Provisions: pork, shoulders",per lb,Conn,New London,0.08,1861,150
"Provisions: pork, shoulders",per lb,Conn,New London,0.08,1862,150
"Provisions: pork, shoulders",per lb,Conn,New London,0.08,1863,150
"Provisions: pork, shoulders",per lb,Conn,New London,0.08,1864,150
"Provisions: pork, shoulders",per lb,Conn,New London,0.08,1865,150
"Provisions: pork, shoulders",per lb,Conn,New London,0.08,1866,175
"Provisions: pork, shoulders",per lb,Pa,Philadelphia,.07,1861,100
"Provisions: pork, shoulders",per lb,Pa,Philadelphia,.07,1862,100
"Provisions: pork, shoulders",per lb,Pa,Philadelphia,.07,1863,114
"Provisions: pork, shoulders",per lb,Pa,Philadelphia,.07,1864,143
"Provisions: pork, shoulders",per lb,Pa,Philadelphia,.07,1865,214
"Provisions: pork, shoulders",per lb,Pa,Philadelphia,.07,1866,229
"Provisions: pork, shoulders",per lb,W. Va,New Cumberland,.07,1860,100
"Provisions: pork, shoulders",per lb,W. Va,New Cumberland,.07,1861,143
"Provisions: pork, shoulders",per lb,W. Va,New Cumberland,.07,1862,171
"Provisions: pork, shoulders",per lb,W. Va,New Cumberland,.07,1863,171
"Provisions: pork, shoulders",per lb,W. Va,New Cumberland,.07,1864,171
"Provisions: pork, shoulders",per lb,W. Va,New Cumberland,.07,1865,200
"Provisions: pork, shoulders",per lb,W. Va,New Cumberland,.07,1866,200
"Provisions: pork, shoulders",per lb,Ohio,Canton,.06,1860,100
"Provisions: pork, shoulders",per lb,Ohio,Canton,.06,1861,133
"Provisions: pork, shoulders",per lb,Ohio,Canton,.06,1862,133
"Provisions: pork, shoulders",per lb,Ohio,Canton,.06,1863,167
"Provisions: pork, shoulders",per lb,Ohio,Canton,.06,1864,250
"Provisions: pork, shoulders",per lb,Ohio,Canton,.06,1865,250
"Provisions: pork, shoulders",per lb,Ohio,Canton,.06,1866,208
"Provisions: pork, shoulders",per lb,Ohio,Springfield,.05,1860,100
"Provisions: pork, shoulders",per lb,Ohio,Springfield,.05,1861,100
"Provisions: pork, shoulders",per lb,Ohio,Springfield,.05,1862,100
"Provisions: pork, shoulders",per lb,Ohio,Springfield,.05,1863,100
"Provisions: pork, shoulders",per lb,Ohio,Springfield,.05,1864,160
"Provisions: pork, shoulders",per lb,Ohio,Springfield,.05,1865,160
"Provisions: pork, shoulders",per lb,Ohio,Springfield,.05,1866,160
"Provisions: pork, shoulders",per lb,Ohio,Zanesville,.06,1860,100
"Provisions: pork, shoulders",per lb,Ohio,Zanesville,.06,1861,167
"Provisions: pork, shoulders",per lb,Ohio,Zanesville,.06,1862,200
"Provisions: pork, shoulders",per lb,Ohio,Zanesville,.06,1863,250
"Provisions: pork, shoulders",per lb,Ohio,Zanesville,.06,1864,300
"Provisions: pork, shoulders",per lb,Ohio,Zanesville,.06,1865,333
"Provisions: pork, shoulders",per lb,Ohio,Zanesville,.06,1866,333
"Provisions: pork, shoulders",per lb,Ind,Lawrenceburg,.13,1860,100
"Provisions: pork, shoulders",per lb,Ind,Lawrenceburg,.13,1861,100
"Provisions: pork, shoulders",per lb,Ind,Lawrenceburg,.13,1862,115
"Provisions: pork, shoulders",per lb,Ind,Lawrenceburg,.13,1863,115
"Provisions: pork, shoulders",per lb,Ind,Lawrenceburg,.13,1864,123
"Provisions: pork, shoulders",per lb,Ind,Lawrenceburg,.13,1865,123
"Provisions: pork, shoulders",per lb,Ind,Lawrenceburg,.13,1866,92
"Provisions: veal, cutlets",per lb,Conn,New London,0.16,1860,100
"Provisions: veal, cutlets",per lb,Conn,New London,0.16,1861,113
"Provisions: veal, cutlets",per lb,Conn,New London,0.16,1862,113
"Provisions: veal, cutlets",per lb,Conn,New London,0.16,1863,113
"Provisions: veal, cutlets",per lb,Conn,New London,0.16,1864,113
"Provisions: veal, cutlets",per lb,Conn,New London,0.16,1865,125
"Provisions: veal, cutlets",per lb,Conn,New London,0.16,1866,125
"Provisions: veal, cutlets",per lb,N. J.,Camden,.14,1860,100
"Provisions: veal, cutlets",per lb,N. J.,Camden,.14,1861,100
"Provisions: veal, cutlets",per lb,N. J.,Camden,.14,1862,100
"Provisions: veal, cutlets",per lb,N. J.,Camden,.14,1863,100
"Provisions: veal, cutlets",per lb,N. J.,Camden,.14,1864,179
"Provisions: veal, cutlets",per lb,N. J.,Camden,.14,1865,179
"Provisions: veal, cutlets",per lb,N. J.,Camden,.14,1866,179
"Provisions: veal, cutlets",per lb,Pa,Philadelphia,.15,1861,100
"Provisions: veal, cutlets",per lb,Pa,Philadelphia,.15,1862,100
"Provisions: veal, cutlets",per lb,Pa,Philadelphia,.15,1863,107
"Provisions: veal, cutlets",per lb,Pa,Philadelphia,.15,1864,120
"Provisions: veal, cutlets",per lb,Pa,Philadelphia,.15,1865,167
"Provisions: veal, cutlets",per lb,Pa,Philadelphia,.15,1866,160
"Provisions: veal, cutlets",per lb,W. Va,New Cumberland,.10,1860,100
"Provisions: veal, cutlets",per lb,W. Va,New Cumberland,.10,1861,120
"Provisions: veal, cutlets",per lb,W. Va,New Cumberland,.10,1862,120
"Provisions: veal, cutlets",per lb,W. Va,New Cumberland,.10,1863,120
"Provisions: veal, cutlets",per lb,W. Va,New Cumberland,.10,1864,120
"Provisions: veal, cutlets",per lb,W. Va,New Cumberland,.10,1865,120
"Provisions: veal, cutlets",per lb,W. Va,New Cumberland,.10,1866,120
"Provisions: veal, cutlets",per lb,Ohio,Zanesville,.10,1860,100
"Provisions: veal, cutlets",per lb,Ohio,Zanesville,.10,1861,80
"Provisions: veal, cutlets",per lb,Ohio,Zanesville,.10,1862,80
"Provisions: veal, cutlets",per lb,Ohio,Zanesville,.10,1863,90
"Provisions: veal, cutlets",per lb,Ohio,Zanesville,.10,1864,100
"Provisions: veal, cutlets",per lb,Ohio,Zanesville,.10,1865,100
"Provisions: veal, cutlets",per lb,Ohio,Zanesville,.10,1866,120
"Provisions: veal, cutlets",per lb,Ind,Evansville,.20,1861,100
"Provisions: veal, cutlets",per lb,Ind,Evansville,.20,1862,100
"Provisions: veal, cutlets",per lb,Ind,Evansville,.20,1863,100
"Provisions: veal, cutlets",per lb,Ind,Evansville,.20,1864,125
"Provisions: veal, cutlets",per lb,Ind,Evansville,.20,1865,125
"Provisions: veal, cutlets",per lb,Ind,Evansville,.20,1866,125
"Provisions: veal, fore quarters",per lb,Mass,Boston,0.09 5/24,1860,100
"Provisions: veal, fore quarters",per lb,Mass,Boston,0.09 5/24,1861,98
"Provisions: veal, fore quarters",per lb,Mass,Boston,0.09 5/24,1862,63
"Provisions: veal, fore quarters",per lb,Mass,Boston,0.09 5/24,1863,77
"Provisions: veal, fore quarters",per lb,Mass,Boston,0.09 5/24,1864,126
"Provisions: veal, fore quarters",per lb,Mass,Boston,0.09 5/24,1865,153
"Provisions: veal, fore quarters",per lb,Mass,Boston,0.09 5/24,1866,151
"Provisions: veal, fore quarters",per lb,Conn,New London,.10,1860,100
"Provisions: veal, fore quarters",per lb,Conn,New London,.10,1861,130
"Provisions: veal, fore quarters",per lb,Conn,New London,.10,1862,130
"Provisions: veal, fore quarters",per lb,Conn,New London,.10,1863,140
"Provisions: veal, fore quarters",per lb,Conn,New London,.10,1864,140
"Provisions: veal, fore quarters",per lb,Conn,New London,.10,1865,150
"Provisions: veal, fore quarters",per lb,Conn,New London,.10,1866,150
"Provisions: veal, fore quarters",per lb,Pa,Philadelphia,.06,1861,100
"Provisions: veal, fore quarters",per lb,Pa,Philadelphia,.06,1862,100
"Provisions: veal, fore quarters",per lb,Pa,Philadelphia,.06,1863,117
"Provisions: veal, fore quarters",per lb,Pa,Philadelphia,.06,1864,150
"Provisions: veal, fore quarters",per lb,Pa,Philadelphia,.06,1865,200
"Provisions: veal, fore quarters",per lb,Pa,Philadelphia,.06,1866,200
"Provisions: veal, fore quarters",per lb,W. Va,New Cumberland,.04,1860,100
"Provisions: veal, fore quarters",per lb,W. Va,New Cumberland,.04,1861,150
"Provisions: veal, fore quarters",per lb,W. Va,New Cumberland,.04,1862,150
"Provisions: veal, fore quarters",per lb,W. Va,New Cumberland,.04,1863,150
"Provisions: veal, fore quarters",per lb,W. Va,New Cumberland,.04,1864,150
"Provisions: veal, fore quarters",per lb,W. Va,New Cumberland,.04,1865,150
"Provisions: veal, fore quarters",per lb,W. Va,New Cumberland,.04,1866,150
"Provisions: veal, fore quarters",per lb,Ohio,Canton,.03,1860,100
"Provisions: veal, fore quarters",per lb,Ohio,Canton,.03,1861,100
"Provisions: veal, fore quarters",per lb,Ohio,Canton,.03,1862,133
"Provisions: veal, fore quarters",per lb,Ohio,Canton,.03,1863,200
"Provisions: veal, fore quarters",per lb,Ohio,Canton,.03,1864,333
"Provisions: veal, fore quarters",per lb,Ohio,Canton,.03,1865,267
"Provisions: veal, fore quarters",per lb,Ohio,Canton,.03,1866,267
"Provisions: veal, fore quarters",per lb,Ohio,Zanesville,.05,1860,100
"Provisions: veal, fore quarters",per lb,Ohio,Zanesville,.05,1861,100
"Provisions: veal, fore quarters",per lb,Ohio,Zanesville,.05,1862,100
"Provisions: veal, fore quarters",per lb,Ohio,Zanesville,.05,1863,120
"Provisions: veal, fore quarters",per lb,Ohio,Zanesville,.05,1864,140
"Provisions: veal, fore quarters",per lb,Ohio,Zanesville,.05,1865,140
"Provisions: veal, fore quarters",per lb,Ohio,Zanesville,.05,1866,140
"Provisions: veal, fore quarters",per lb,Ind,Evansville,.075,1861,100
"Provisions: veal, fore quarters",per lb,Ind,Evansville,.075,1862,100
"Provisions: veal, fore quarters",per lb,Ind,Evansville,.075,1863,167
"Provisions: veal, fore quarters",per lb,Ind,Evansville,.075,1864,200
"Provisions: veal, fore quarters",per lb,Ind,Evansville,.075,1865,200
"Provisions: veal, fore quarters",per lb,Ind,Evansville,.075,1866,200
"Provisions: veal, hind quarters",per lb,Conn,New London,0.14,1860,100
"Provisions: veal, hind quarters",per lb,Conn,New London,0.14,1861,107
"Provisions: veal, hind quarters",per lb,Conn,New London,0.14,1862,107
"Provisions: veal, hind quarters",per lb,Conn,New London,0.14,1863,114
"Provisions: veal, hind quarters",per lb,Conn,New London,0.14,1864,114
"Provisions: veal, hind quarters",per lb,Conn,New London,0.14,1865,129
"Provisions: veal, hind quarters",per lb,Conn,New London,0.14,1866,129
"Provisions: veal, hind quarters",per lb,N. J.,Camden,.10,1860,100
"Provisions: veal, hind quarters",per lb,N. J.,Camden,.10,1861,100
"Provisions: veal, hind quarters",per lb,N. J.,Camden,.10,1862,100
"Provisions: veal, hind quarters",per lb,N. J.,Camden,.10,1863,100
"Provisions: veal, hind quarters",per lb,N. J.,Camden,.10,1864,140
"Provisions: veal, hind quarters",per lb,N. J.,Camden,.10,1865,140
"Provisions: veal, hind quarters",per lb,N. J.,Camden,.10,1866,140
"Provisions: veal, hind quarters",per lb,Pa,Philadelphia,.10,1861,100
"Provisions: veal, hind quarters",per lb,Pa,Philadelphia,.10,1862,100
"Provisions: veal, hind quarters",per lb,Pa,Philadelphia,.10,1863,100
"Provisions: veal, hind quarters",per lb,Pa,Philadelphia,.10,1864,120
"Provisions: veal, hind quarters",per lb,Pa,Philadelphia,.10,1865,150
"Provisions: veal, hind quarters",per lb,Pa,Philadelphia,.10,1866,150
"Provisions: veal, hind quarters",per lb,W. Va,New Cumberland,.05,1860,100
"Provisions: veal, hind quarters",per lb,W. Va,New Cumberland,.05,1861,160
"Provisions: veal, hind quarters",per lb,W. Va,New Cumberland,.05,1862,160
"Provisions: veal, hind quarters",per lb,W. Va,New Cumberland,.05,1863,160
"Provisions: veal, hind quarters",per lb,W. Va,New Cumberland,.05,1864,160
"Provisions: veal, hind quarters",per lb,W. Va,New Cumberland,.05,1865,160
"Provisions: veal, hind quarters",per lb,W. Va,New Cumberland,.05,1866,160
"Provisions: veal, hind quarters",per lb,Ohio,Canton,.04,1860,100
"Provisions: veal, hind quarters",per lb,Ohio,Canton,.04,1861,100
"Provisions: veal, hind quarters",per lb,Ohio,Canton,.04,1862,125
"Provisions: veal, hind quarters",per lb,Ohio,Canton,.04,1863,200
"Provisions: veal, hind quarters",per lb,Ohio,Canton,.04,1864,313
"Provisions: veal, hind quarters",per lb,Ohio,Canton,.04,1865,250
"Provisions: veal, hind quarters",per lb,Ohio,Canton,.04,1866,250
"Provisions: veal, hind quarters",per lb,Ohio,Zanesville,.06,1860,100
"Provisions: veal, hind quarters",per lb,Ohio,Zanesville,.06,1861,100
"Provisions: veal, hind quarters",per lb,Ohio,Zanesville,.06,1862,100
"Provisions: veal, hind quarters",per lb,Ohio,Zanesville,.06,1863,117
"Provisions: veal, hind quarters",per lb,Ohio,Zanesville,.06,1864,133
"Provisions: veal, hind quarters",per lb,Ohio,Zanesville,.06,1865,133
"Provisions: veal, hind quarters",per lb,Ohio,Zanesville,.06,1866,133
"Provisions: veal, hind quarters",per lb,Ind,Evansville,.08,1860,100
"Provisions: veal, hind quarters",per lb,Ind,Evansville,.08,1861,100
"Provisions: veal, hind quarters",per lb,Ind,Evansville,.08,1862,100
"Provisions: veal, hind quarters",per lb,Ind,Evansville,.08,1863,156
"Provisions: veal, hind quarters",per lb,Ind,Evansville,.08,1864,188
"Provisions: veal, hind quarters",per lb,Ind,Evansville,.08,1865,188
"Provisions: veal, hind quarters",per lb,Ind,Evansville,.08,1866,188
Provisions: rice,per lb,Conn,Jewett City,0.06,1860,100
Provisions: rice,per lb,Conn,Jewett City,0.06,1861,117
Provisions: rice,per lb,Conn,Jewett City,0.06,1862,150
Provisions: rice,per lb,Conn,Jewett City,0.06,1863,167
Provisions: rice,per lb,Conn,Jewett City,0.06,1864,167
Provisions: rice,per lb,Conn,Jewett City,0.06,1865,250
Provisions: rice,per lb,Conn,Jewett City,0.06,1866,250
Provisions: rice,per lb,Pa,Philadelphia,.08,1861,100
Provisions: rice,per lb,Pa,Philadelphia,.08,1862,113
Provisions: rice,per lb,Pa,Philadelphia,.08,1863,125
Provisions: rice,per lb,Pa,Philadelphia,.08,1864,162
Provisions: rice,per lb,Pa,Philadelphia,.08,1865,175
Provisions: rice,per lb,Pa,Philadelphia,.08,1866,175
Provisions: rice,per lb,Md,Baltimore,.06,1860,100
Provisions: rice,per lb,Md,Baltimore,.06,1861,100
Provisions: rice,per lb,Md,Baltimore,.06,1862,150
Provisions: rice,per lb,Md,Baltimore,.06,1863,167
Provisions: rice,per lb,Md,Baltimore,.06,1864,250
Provisions: rice,per lb,Md,Baltimore,.06,1865,250
Provisions: rice,per lb,Md,Baltimore,.06,1866,233
Provisions: rice,per lb,W. Va,New Cumberland,.07,1860,100
Provisions: rice,per lb,W. Va,New Cumberland,.07,1861,143
Provisions: rice,per lb,W. Va,New Cumberland,.07,1862,214
Provisions: rice,per lb,W. Va,New Cumberland,.07,1863,214
Provisions: rice,per lb,W. Va,New Cumberland,.07,1864,214
Provisions: rice,per lb,W. Va,New Cumberland,.07,1865,214
Provisions: rice,per lb,W. Va,New Cumberland,.07,1866,214
Provisions: rice,per lb,Ohio,Canton,.06,1860,100
Provisions: rice,per lb,Ohio,Canton,.06,1861,100
Provisions: rice,per lb,Ohio,Canton,.06,1862,133
Provisions: rice,per lb,Ohio,Canton,.06,1863,208
Provisions: rice,per lb,Ohio,Canton,.06,1864,333
Provisions: rice,per lb,Ohio,Canton,.06,1865,250
Provisions: rice,per lb,Ohio,Canton,.06,1866,208
Provisions: rice,per lb,Ohio,Springfield,.08,1860,100
Provisions: rice,per lb,Ohio,Springfield,.08,1861,100
Provisions: rice,per lb,Ohio,Springfield,.08,1862,125
Provisions: rice,per lb,Ohio,Springfield,.08,1863,125
Provisions: rice,per lb,Ohio,Springfield,.08,1864,125
Provisions: rice,per lb,Ohio,Springfield,.08,1865,125
Provisions: rice,per lb,Ohio,Springfield,.08,1866,125
Provisions: rice,per lb,Ohio,Zanesville,.0625,1860,100
Provisions: rice,per lb,Ohio,Zanesville,.0625,1861,160
Provisions: rice,per lb,Ohio,Zanesville,.0625,1862,192
Provisions: rice,per lb,Ohio,Zanesville,.0625,1863,240
Provisions: rice,per lb,Ohio,Zanesville,.0625,1864,288
Provisions: rice,per lb,Ohio,Zanesville,.0625,1865,320
Provisions: rice,per lb,Ohio,Zanesville,.0625,1866,320
Provisions: rice,per lb,Ind,Lawrenceburg,.10,1860,100
Provisions: rice,per lb,Ind,Lawrenceburg,.10,1861,100
Provisions: rice,per lb,Ind,Lawrenceburg,.10,1862,150
Provisions: rice,per lb,Ind,Lawrenceburg,.10,1863,200
Provisions: rice,per lb,Ind,Lawrenceburg,.10,1864,200
Provisions: rice,per lb,Ind,Lawrenceburg,.10,1865,120
Provisions: rice,per lb,Ind,Lawrenceburg,.10,1866,120
Provisions: rice,per lb,Ia,Cedar Rapids,.05,1861,100
Provisions: rice,per lb,Ia,Cedar Rapids,.05,1862,200
Provisions: rice,per lb,Ia,Cedar Rapids,.05,1863,240
Provisions: rice,per lb,Ia,Cedar Rapids,.05,1864,240
Provisions: rice,per lb,Ia,Cedar Rapids,.05,1865,250
Provisions: rice,per lb,Ia,Cedar Rapids,.05,1866,250
Provisions: potatoes,per bushel,Mass,Boston,1.02 2/3,1860,100
Provisions: potatoes,per bushel,Mass,Boston,1.02 2/3,1861,81
Provisions: potatoes,per bushel,Mass,Boston,1.02 2/3,1862,94
Provisions: potatoes,per bushel,Mass,Boston,1.02 2/3,1863,93
Provisions: potatoes,per bushel,Mass,Boston,1.02 2/3,1864,153
Provisions: potatoes,per bushel,Mass,Boston,1.02 2/3,1865,117
Provisions: potatoes,per bushel,Mass,Boston,1.02 2/3,1866,117
Provisions: potatoes,per bushel,Conn,Jewett City,0.50,1860,100
Provisions: potatoes,per bushel,Conn,Jewett City,0.50,1861,90
Provisions: potatoes,per bushel,Conn,Jewett City,0.50,1862,110
Provisions: potatoes,per bushel,Conn,Jewett City,0.50,1863,100
Provisions: potatoes,per bushel,Conn,Jewett City,0.50,1864,180
Provisions: potatoes,per bushel,Conn,Jewett City,0.50,1865,160
Provisions: potatoes,per bushel,Conn,Jewett City,0.50,1866,120
Provisions: potatoes,per bushel,Pa,Philadelphia,.60,1861,100
Provisions: potatoes,per bushel,Pa,Philadelphia,.60,1862,100
Provisions: potatoes,per bushel,Pa,Philadelphia,.60,1863,125
Provisions: potatoes,per bushel,Pa,Philadelphia,.60,1864,133
Provisions: potatoes,per bushel,Pa,Philadelphia,.60,1865,150
Provisions: potatoes,per bushel,Pa,Philadelphia,.60,1866,167
Provisions: potatoes,per bushel,W. Va,New Cumberland,.35,1860,100
Provisions: potatoes,per bushel,W. Va,New Cumberland,.35,1861,143
Provisions: potatoes,per bushel,W. Va,New Cumberland,.35,1862,214
Provisions: potatoes,per bushel,W. Va,New Cumberland,.35,1863,214
Provisions: potatoes,per bushel,W. Va,New Cumberland,.35,1864,214
Provisions: potatoes,per bushel,W. Va,New Cumberland,.35,1865,214
Provisions: potatoes,per bushel,W. Va,New Cumberland,.35,1866,214
Provisions: potatoes,per bushel,Ohio,Springfield,.30,1860,100
Provisions: potatoes,per bushel,Ohio,Springfield,.30,1861,133
Provisions: potatoes,per bushel,Ohio,Springfield,.30,1862,133
Provisions: potatoes,per bushel,Ohio,Springfield,.30,1863,167
Provisions: potatoes,per bushel,Ohio,Springfield,.30,1864,250
Provisions: potatoes,per bushel,Ohio,Springfield,.30,1865,283
Provisions: potatoes,per bushel,Ohio,Springfield,.30,1866,333
Provisions: potatoes,per bushel,Ohio,Zanesville,.60,1860,100
Provisions: potatoes,per bushel,Ohio,Zanesville,.60,1861,83
Provisions: potatoes,per bushel,Ohio,Zanesville,.60,1862,83
Provisions: potatoes,per bushel,Ohio,Zanesville,.60,1863,100
Provisions: potatoes,per bushel,Ohio,Zanesville,.60,1864,133
Provisions: potatoes,per bushel,Ohio,Zanesville,.60,1865,167
Provisions: potatoes,per bushel,Ohio,Zanesville,.60,1866,167
Provisions: potatoes,per bushel,Ind,Lawrenceburg,.80,1860,100
Provisions: potatoes,per bushel,Ind,Lawrenceburg,.80,1861,94
Provisions: potatoes,per bushel,Ind,Lawrenceburg,.80,1862,125
Provisions: potatoes,per bushel,Ind,Lawrenceburg,.80,1863,150
Provisions: potatoes,per bushel,Ind,Lawrenceburg,.80,1864,94
Provisions: potatoes,per bushel,Ind,Lawrenceburg,.80,1865,94
Provisions: potatoes,per bushel,Ind,Lawrenceburg,.80,1866,188
Provisions: potatoes,per bushel,Ia,Cedar Rapids,.20,1861,100
Provisions: potatoes,per bushel,Ia,Cedar Rapids,.20,1862,175
Provisions: potatoes,per bushel,Ia,Cedar Rapids,.20,1863,200
Provisions: potatoes,per bushel,Ia,Cedar Rapids,.20,1864,200
Provisions: potatoes,per bushel,Ia,Cedar Rapids,.20,1865,200
Provisions: potatoes,per bushel,Ia,Cedar Rapids,.20,1866,350
Fuel: oil,per gallon,Conn,Jewett City,1.00,1860,100
Fuel: oil,per gallon,Conn,Jewett City,1.00,1861,75
Fuel: oil,per gallon,Conn,Jewett City,1.00,1862,75
Fuel: oil,per gallon,Conn,Jewett City,1.00,1863,75
Fuel: oil,per gallon,Conn,Jewett City,1.00,1864,92
Fuel: oil,per gallon,Conn,Jewett City,1.00,1865,100
Fuel: oil,per gallon,Conn,Jewett City,1.00,1866,90
Fuel: oil,per gallon,Conn,New Haven,1.00,1860,100
Fuel: oil,per gallon,Conn,New Haven,1.00,1861,75
Fuel: oil,per gallon,Conn,New Haven,1.00,1862,75
Fuel: oil,per gallon,Conn,New Haven,1.00,1863,85
Fuel: oil,per gallon,Conn,New Haven,1.00,1864,75
Fuel: oil,per gallon,Conn,New Haven,1.00,1865,120
Fuel: oil,per gallon,Conn,New Haven,1.00,1866,90
Fuel: oil,per gallon,N. Y.,Watertown,1.12,1861,100
Fuel: oil,per gallon,N. Y.,Watertown,1.12,1862,45
Fuel: oil,per gallon,N. Y.,Watertown,1.12,1863,54
Fuel: oil,per gallon,N. Y.,Watertown,1.12,1864,73
Fuel: oil,per gallon,N. Y.,Watertown,1.12,1865,107
Fuel: oil,per gallon,N. Y.,Watertown,1.12,1866,67
Fuel: oil,per gallon,Pa,Norristown,0.70,1860,100
Fuel: oil,per gallon,Pa,Norristown,0.70,1861,100
Fuel: oil,per gallon,Pa,Norristown,0.70,1862,100
Fuel: oil,per gallon,Pa,Norristown,0.70,1863,100
Fuel: oil,per gallon,Pa,Norristown,0.70,1864,171
Fuel: oil,per gallon,Pa,Norristown,0.70,1865,171
Fuel: oil,per gallon,Pa,Norristown,0.70,1866,143
Fuel: oil,per gallon,Pa,Philadelphia,.25,1861,100
Fuel: oil,per gallon,Pa,Philadelphia,.25,1862,100
Fuel: oil,per gallon,Pa,Philadelphia,.25,1863,400
Fuel: oil,per gallon,Pa,Philadelphia,.25,1864,400
Fuel: oil,per gallon,Pa,Philadelphia,.25,1865,400
Fuel: oil,per gallon,Pa,Philadelphia,.25,1866,320
Fuel: oil,per gallon,W. Va,New Cumberland,.30,1860,100
Fuel: oil,per gallon,W. Va,New Cumberland,.30,1861,100
Fuel: oil,per gallon,W. Va,New Cumberland,.30,1862,133
Fuel: oil,per gallon,W. Va,New Cumberland,.30,1863,133
Fuel: oil,per gallon,W. Va,New Cumberland,.30,1864,167
Fuel: oil,per gallon,W. Va,New Cumberland,.30,1865,167
Fuel: oil,per gallon,W. Va,New Cumberland,.30,1866,133
Fuel: oil,per gallon,Ohio,Canton,.50,1860,100
Fuel: oil,per gallon,Ohio,Canton,.50,1861,80
Fuel: oil,per gallon,Ohio,Canton,.50,1862,80
Fuel: oil,per gallon,Ohio,Canton,.50,1863,100
Fuel: oil,per gallon,Ohio,Canton,.50,1864,120
Fuel: oil,per gallon,Ohio,Canton,.50,1865,100
Fuel: oil,per gallon,Ohio,Canton,.50,1866,80
Fuel: oil,per gallon,Ohio,Zanesville,.60,1860,100
Fuel: oil,per gallon,Ohio,Zanesville,.60,1861,100
Fuel: oil,per gallon,Ohio,Zanesville,.60,1862,100
Fuel: oil,per gallon,Ohio,Zanesville,.60,1863,100
Fuel: oil,per gallon,Ohio,Zanesville,.60,1864,100
Fuel: oil,per gallon,Ohio,Zanesville,.60,1865,100
Fuel: oil,per gallon,Ohio,Zanesville,.60,1866,117
Fuel: oil,per gallon,Ill,Rock Island,.35,1861,100
Fuel: oil,per gallon,Ill,Rock Island,.35,1862,171
Fuel: oil,per gallon,Ill,Rock Island,.35,1863,286
Fuel: oil,per gallon,Ill,Rock Island,.35,1864,286
Fuel: oil,per gallon,Ill,Rock Island,.35,1865,229
Fuel: oil,per gallon,Ill,Rock Island,.35,1866,171
"Fuel: coal, anthracite",per ton,Mass,Boston (1),6.00,1860,100
"Fuel: coal, anthracite",per ton,Mass,Boston (1),6.00,1861,98
"Fuel: coal, anthracite",per ton,Mass,Boston (1),6.00,1862,117
"Fuel: coal, anthracite",per ton,Mass,Boston (1),6.00,1863,175
"Fuel: coal, anthracite",per ton,Mass,Boston (1),6.00,1864,217
"Fuel: coal, anthracite",per ton,Mass,Boston (1),6.00,1865,217
"Fuel: coal, anthracite",per ton,Mass,Boston (1),6.00,1866,204
"Fuel: coal, anthracite",per ton,Mass,Boston (2),5.75,1860,100
"Fuel: coal, anthracite",per ton,Mass,Boston (2),5.75,1861,121
"Fuel: coal, anthracite",per ton,Mass,Boston (2),5.75,1862,117
"Fuel: coal, anthracite",per ton,Mass,Boston (2),5.75,1863,173
"Fuel: coal, anthracite",per ton,Mass,Boston (2),5.75,1864,220
"Fuel: coal, anthracite",per ton,Mass,Boston (2),5.75,1865,229
"Fuel: coal, anthracite",per ton,Mass,Boston (2),5.75,1866,192
"Fuel: coal, anthracite",per ton,Pa,Philadelphia (1),5.00,1861,100
"Fuel: coal, anthracite",per ton,Pa,Philadelphia (1),5.00,1862,100
"Fuel: coal, anthracite",per ton,Pa,Philadelphia (1),5.00,1863,120
"Fuel: coal, anthracite",per ton,Pa,Philadelphia (1),5.00,1864,130
"Fuel: coal, anthracite",per ton,Pa,Philadelphia (1),5.00,1865,140
"Fuel: coal, anthracite",per ton,Pa,Philadelphia (1),5.00,1866,160
"Fuel: coal, anthracite",per ton,Pa,Philadelphia (2),3.41,1861,100
"Fuel: coal, anthracite",per ton,Pa,Philadelphia (2),3.41,1862,123
"Fuel: coal, anthracite",per ton,Pa,Philadelphia (2),3.41,1863,186
"Fuel: coal, anthracite",per ton,Pa,Philadelphia (2),3.41,1864,277
"Fuel: coal, anthracite",per ton,Pa,Philadelphia (2),3.41,1865,281
"Fuel: coal, anthracite",per ton,Pa,Philadelphia (2),3.41,1866,218
"Fuel: coal, anthracite",per ton,Pa,Reading,2.50,1861,100
"Fuel: coal, anthracite",per ton,Pa,Reading,2.50,1862,100
"Fuel: coal, anthracite",per ton,Pa,Reading,2.50,1863,180
"Fuel: coal, anthracite",per ton,Pa,Reading,2.50,1864,220
"Fuel: coal, anthracite",per ton,Pa,Reading,2.50,1865,260
"Fuel: coal, anthracite",per ton,Pa,Reading,2.50,1866,260
"Fuel: coal, anthracite",per ton,Ohio,Zanesville,3.00,1860,100
"Fuel: coal, anthracite",per ton,Ohio,Zanesville,3.00,1861,100
"Fuel: coal, anthracite",per ton,Ohio,Zanesville,3.00,1862,133
"Fuel: coal, anthracite",per ton,Ohio,Zanesville,3.00,1863,167
"Fuel: coal, anthracite",per ton,Ohio,Zanesville,3.00,1864,167
"Fuel: coal, anthracite",per ton,Ohio,Zanesville,3.00,1865,167
"Fuel: coal, anthracite",per ton,Ohio,Zanesville,3.00,1866,167
"Fuel: coal, bituminous",per ton,W. Va,New Cumberland,1.40,1860,100
"Fuel: coal, bituminous",per ton,W. Va,New Cumberland,1.40,1861,171
"Fuel: coal, bituminous",per ton,W. Va,New Cumberland,1.40,1862,179
"Fuel: coal, bituminous",per ton,W. Va,New Cumberland,1.40,1863,214
"Fuel: coal, bituminous",per ton,W. Va,New Cumberland,1.40,1864,214
"Fuel: coal, bituminous",per ton,W. Va,New Cumberland,1.40,1865,196
"Fuel: coal, bituminous",per ton,W. Va,New Cumberland,1.40,1866,196
"Fuel: coal, bituminous",per ton,Ohio,Canton,2.00,1860,100
"Fuel: coal, bituminous",per ton,Ohio,Canton,2.00,1861,88
"Fuel: coal, bituminous",per ton,Ohio,Canton,2.00,1862,100
"Fuel: coal, bituminous",per ton,Ohio,Canton,2.00,1863,175
"Fuel: coal, bituminous",per ton,Ohio,Canton,2.00,1864,175
"Fuel: coal, bituminous",per ton,Ohio,Canton,2.00,1865,150
"Fuel: coal, bituminous",per ton,Ohio,Canton,2.00,1866,150
"Fuel: coal, bituminous",per ton,Ohio,Springfield,3.50,1861,100
"Fuel: coal, bituminous",per ton,Ohio,Springfield,3.50,1862,100
"Fuel: coal, bituminous",per ton,Ohio,Springfield,3.50,1863,100
"Fuel: coal, bituminous",per ton,Ohio,Springfield,3.50,1864,100
"Fuel: coal, bituminous",per ton,Ohio,Springfield,3.50,1865,100
"Fuel: coal, bituminous",per ton,Ohio,Springfield,3.50,1866,100
"Fuel: coal, bituminous",per ton,Ohio,Zanesville,1.50,1860,100
"Fuel: coal, bituminous",per ton,Ohio,Zanesville,1.50,1861,100
"Fuel: coal, bituminous",per ton,Ohio,Zanesville,1.50,1862,100
"Fuel: coal, bituminous",per ton,Ohio,Zanesville,1.50,1863,200
"Fuel: coal, bituminous",per ton,Ohio,Zanesville,1.50,1864,200
"Fuel: coal, bituminous",per ton,Ohio,Zanesville,1.50,1865,200
"Fuel: coal, bituminous",per ton,Ohio,Zanesville,1.50,1866,200
"Fuel: coal, bituminous",per ton,Indiana,Lawrenceburg,3.50,1860,100
"Fuel: coal, bituminous",per ton,Indiana,Lawrenceburg,3.50,1861,93
"Fuel: coal, bituminous",per ton,Indiana,Lawrenceburg,3.50,1862,114
"Fuel: coal, bituminous",per ton,Indiana,Lawrenceburg,3.50,1863,114
"Fuel: coal, bituminous",per ton,Indiana,Lawrenceburg,3.50,1864,129
"Fuel: coal, bituminous",per ton,Indiana,Lawrenceburg,3.50,1865,114
"Fuel: coal, bituminous",per ton,Indiana,Lawrenceburg,3.50,1866,107
"Fuel: coal, bituminous",per ton,Illinois,Belleville,1.82,1860,100
"Fuel: coal, bituminous",per ton,Illinois,Belleville,1.82,1864,171
"Fuel: coal, bituminous",per ton,Illinois,Belleville,1.82,1865,171
"Fuel: coal, bituminous",per ton,Illinois,Belleville,1.82,1866,171
"Fuel: coal, bituminous",per ton,Illinois,Rock Island,3.12,1860,100
"Fuel: coal, bituminous",per ton,Illinois,Rock Island,3.12,1861,80
"Fuel: coal, bituminous",per ton,Illinois,Rock Island,3.12,1862,96
"Fuel: coal, bituminous",per ton,Illinois,Rock Island,3.12,1863,104
"Fuel: coal, bituminous",per ton,Illinois,Rock Island,3.12,1864,104
"Fuel: coal, bituminous",per ton,Illinois,Rock Island,3.12,1865,104
"Fuel: coal, bituminous",per ton,Illinois,Rock Island,3.12,1866,104
"Fuel: wood, hard",per cord,Mass,Boston (1),6.50,1860,100
"Fuel: wood, hard",per cord,Mass,Boston (1),6.50,1862,150
"Fuel: wood, hard",per cord,Mass,Boston (1),6.50,1863,169
"Fuel: wood, hard",per cord,Mass,Boston (1),6.50,1864,200
"Fuel: wood, hard",per cord,Mass,Boston (1),6.50,1865,200
"Fuel: wood, hard",per cord,Mass,Boston (1),6.50,1866,231
"Fuel: wood, hard",per cord,Mass,Boston (2),6.50,1860,100
"Fuel: wood, hard",per cord,Mass,Boston (2),6.50,1861,123
"Fuel: wood, hard",per cord,Mass,Boston (2),6.50,1862,183
"Fuel: wood, hard",per cord,Mass,Boston (2),6.50,1863,164
"Fuel: wood, hard",per cord,Mass,Boston (2),6.50,1864,192
"Fuel: wood, hard",per cord,Mass,Boston (2),6.50,1865,195
"Fuel: wood, hard",per cord,Mass,Boston (2),6.50,1866,228
"Fuel: wood, hard",per cord,Conn,Danielsonville,4.00,1860,100
"Fuel: wood, hard",per cord,Conn,Danielsonville,4.00,1861,100
"Fuel: wood, hard",per cord,Conn,Danielsonville,4.00,1862,100
"Fuel: wood, hard",per cord,Conn,Danielsonville,4.00,1863,100
"Fuel: wood, hard",per cord,Conn,Danielsonville,4.00,1864,119
"Fuel: wood, hard",per cord,Conn,Danielsonville,4.00,1865,138
"Fuel: wood, hard",per cord,Conn,Danielsonville,4.00,1866,125
"Fuel: wood, hard",per cord,Conn,Jewett City,3.50,1860,100
"Fuel: wood, hard",per cord,Conn,Jewett City,3.50,1861,100
"Fuel: wood, hard",per cord,Conn,Jewett City,3.50,1862,100
"Fuel: wood, hard",per cord,Conn,Jewett City,3.50,1863,114
"Fuel: wood, hard",per cord,Conn,Jewett City,3.50,1864,114
"Fuel: wood, hard",per cord,Conn,Jewett City,3.50,1865,157
"Fuel: wood, hard",per cord,Conn,Jewett City,3.50,1866,143
"Fuel: wood, hard",per cord,Pa,Reading,4.00,1861,100
"Fuel: wood, hard",per cord,Pa,Reading,4.00,1862,100
"Fuel: wood, hard",per cord,Pa,Reading,4.00,1863,125
"Fuel: wood, hard",per cord,Pa,Reading,4.00,1864,125
"Fuel: wood, hard",per cord,Pa,Reading,4.00,1865,150
"Fuel: wood, hard",per cord,Pa,Reading,4.00,1866,150
"Fuel: wood, hard",per cord,W. Va,New Cumberland,1.75,1860,100
"Fuel: wood, hard",per cord,W. Va,New Cumberland,1.75,1861,100
"Fuel: wood, hard",per cord,W. Va,New Cumberland,1.75,1862,114
"Fuel: wood, hard",per cord,W. Va,New Cumberland,1.75,1863,143
"Fuel: wood, hard",per cord,W. Va,New Cumberland,1.75,1864,143
"Fuel: wood, hard",per cord,W. Va,New Cumberland,1.75,1865,143
"Fuel: wood, hard",per cord,W. Va,New Cumberland,1.75,1866,143
"Fuel: wood, hard",per cord,Ohio,Canton,2.50,1860,100
"Fuel: wood, hard",per cord,Ohio,Canton,2.50,1861,80
"Fuel: wood, hard",per cord,Ohio,Canton,2.50,1862,100
"Fuel: wood, hard",per cord,Ohio,Canton,2.50,1863,120
"Fuel: wood, hard",per cord,Ohio,Canton,2.50,1864,120
"Fuel: wood, hard",per cord,Ohio,Canton,2.50,1865,180
"Fuel: wood, hard",per cord,Ohio,Canton,2.50,1866,180
"Fuel: wood, hard",per cord,Ohio,Springfield,3.00,1860,100
"Fuel: wood, hard",per cord,Ohio,Springfield,3.00,1861,92
"Fuel: wood, hard",per cord,Ohio,Springfield,3.00,1862,92
"Fuel: wood, hard",per cord,Ohio,Springfield,3.00,1863,100
"Fuel: wood, hard",per cord,Ohio,Springfield,3.00,1864,133
"Fuel: wood, hard",per cord,Ohio,Springfield,3.00,1865,167
"Fuel: wood, hard",per cord,Ohio,Springfield,3.00,1866,167
"Fuel: wood, hard",per cord,Ohio,Zanesville,1.50,1860,100
"Fuel: wood, hard",per cord,Ohio,Zanesville,1.50,1861,133
"Fuel: wood, hard",per cord,Ohio,Zanesville,1.50,1862,133
"Fuel: wood, hard",per cord,Ohio,Zanesville,1.50,1863,150
"Fuel: wood, hard",per cord,Ohio,Zanesville,1.50,1864,183
"Fuel: wood, hard",per cord,Ohio,Zanesville,1.50,1865,200
"Fuel: wood, hard",per cord,Ohio,Zanesville,1.50,1866,200
"Fuel: wood, hard",per cord,Indiana,Lawrenceburg,4.00,1860,100
"Fuel: wood, hard",per cord,Indiana,Lawrenceburg,4.00,1861,100
"Fuel: wood, hard",per cord,Indiana,Lawrenceburg,4.00,1862,138
"Fuel: wood, hard",per cord,Indiana,Lawrenceburg,4.00,1863,150
"Fuel: wood, hard",per cord,Indiana,Lawrenceburg,4.00,1864,150
"Fuel: wood, hard",per cord,Indiana,Lawrenceburg,4.00,1865,138
"Fuel: wood, hard",per cord,Indiana,Lawrenceburg,4.00,1866,125
"Fuel: wood, hard",per cord,Illinois,Rock Island,4.50,1860,100
"Fuel: wood, hard",per cord,Illinois,Rock Island,4.50,1861,89
"Fuel: wood, hard",per cord,Illinois,Rock Island,4.50,1862,133
"Fuel: wood, hard",per cord,Illinois,Rock Island,4.50,1863,144
"Fuel: wood, hard",per cord,Illinois,Rock Island,4.50,1864,144
"Fuel: wood, hard",per cord,Illinois,Rock Island,4.50,1865,133
"Fuel: wood, hard",per cord,Illinois,Rock Island,4.50,1866,133
"Fuel: wood, hard",per cord,Iowa,Cedar Rapids,2.50,1861,100
"Fuel: wood, hard",per cord,Iowa,Cedar Rapids,2.50,1862,100
"Fuel: wood, hard",per cord,Iowa,Cedar Rapids,2.50,1863,120
"Fuel: wood, hard",per cord,Iowa,Cedar Rapids,2.50,1864,120
"Fuel: wood, hard",per cord,Iowa,Cedar Rapids,2.50,1865,200
"Fuel: wood, hard",per cord,Iowa,Cedar Rapids,2.50,1866,200
"Fuel: wood, hard",per cord,Missouri,Pilot Knob,2.50,1860,100
"Fuel: wood, hard",per cord,Missouri,Pilot Knob,2.50,1861,120
"Fuel: wood, hard",per cord,Missouri,Pilot Knob,2.50,1862,120
"Fuel: wood, hard",per cord,Missouri,Pilot Knob,2.50,1863,160
"Fuel: wood, hard",per cord,Missouri,Pilot Knob,2.50,1864,160
"Fuel: wood, hard",per cord,Missouri,Pilot Knob,2.50,1865,160
"Fuel: wood, hard",per cord,Missouri,Pilot Knob,2.50,1866,160
"Fuel: wood, pine",per cord,Mass,Boston (1),4.50,1860,100
"Fuel: wood, pine",per cord,Mass,Boston (1),4.50,1862,153
"Fuel: wood, pine",per cord,Mass,Boston (1),4.50,1863,178
"Fuel: wood, pine",per cord,Mass,Boston (1),4.50,1864,233
"Fuel: wood, pine",per cord,Mass,Boston (1),4.50,1865,211
"Fuel: wood, pine",per cord,Mass,Boston (1),4.50,1866,267
"Fuel: wood, pine",per cord,Mass,Boston (2),4.50,1860,100
"Fuel: wood, pine",per cord,Mass,Boston (2),4.50,1861,133
"Fuel: wood, pine",per cord,Mass,Boston (2),4.50,1862,154
"Fuel: wood, pine",per cord,Mass,Boston (2),4.50,1863,185
"Fuel: wood, pine",per cord,Mass,Boston (2),4.50,1864,230
"Fuel: wood, pine",per cord,Mass,Boston (2),4.50,1865,207
"Fuel: wood, pine",per cord,Mass,Boston (2),4.50,1866,267
"Fuel: wood, pine",per cord,Conn,Danielsonville,3.50,1860,100
"Fuel: wood, pine",per cord,Conn,Danielsonville,3.50,1861,100
"Fuel: wood, pine",per cord,Conn,Danielsonville,3.50,1862,100
"Fuel: wood, pine",per cord,Conn,Danielsonville,3.50,1863,100
"Fuel: wood, pine",per cord,Conn,Danielsonville,3.50,1864,121
"Fuel: wood, pine",per cord,Conn,Danielsonville,3.50,1865,143
"Fuel: wood, pine",per cord,Conn,Danielsonville,3.50,1866,129
"Fuel: wood, pine",per cord,W. Va,New Cumberland,1.50,1860,100
"Fuel: wood, pine",per cord,W. Va,New Cumberland,1.50,1861,117
"Fuel: wood, pine",per cord,W. Va,New Cumberland,1.50,1862,133
"Fuel: wood, pine",per cord,W. Va,New Cumberland,1.50,1863,150
"Fuel: wood, pine",per cord,W. Va,New Cumberland,1.50,1864,150
"Fuel: wood, pine",per cord,W. Va,New Cumberland,1.50,1865,150
"Fuel: wood, pine",per cord,W. Va,New Cumberland,1.50,1866,150
"Fuel: wood, pine",per cord,Ohio,Zanesville,1.00,1860,100
"Fuel: wood, pine",per cord,Ohio,Zanesville,1.00,1861,175
"Fuel: wood, pine",per cord,Ohio,Zanesville,1.00,1862,175
"Fuel: wood, pine",per cord,Ohio,Zanesville,1.00,1863,200
"Fuel: wood, pine",per cord,Ohio,Zanesville,1.00,1864,225
"Fuel: wood, pine",per cord,Ohio,Zanesville,1.00,1865,250
"Fuel: wood, pine",per cord,Ohio,Zanesville,1.00,1866,275
"Fuel: wood, pine",per cord,Illinois,Rock Island,1.00,1861,100
"Fuel: wood, pine",per cord,Illinois,Rock Island,1.00,1862,150
"Fuel: wood, pine",per cord,Illinois,Rock Island,1.00,1863,200
"Fuel: wood, pine",per cord,Illinois,Rock Island,1.00,1864,200
"Fuel: wood, pine",per cord,Illinois,Rock Island,1.00,1865,150
"Fuel: wood, pine",per cord,Illinois,Rock Island,1.00,1866,150
Men's heavy boots,per pair,Conn,Ansonia,2.50,1861,100
Men's heavy boots,per pair,Conn,Ansonia,2.50,1862,120
Men's heavy boots,per pair,Conn,Ansonia,2.50,1863,140
Men's heavy boots,per pair,Conn,Ansonia,2.50,1864,150
Men's heavy boots,per pair,Conn,Ansonia,2.50,1865,160
Men's heavy boots,per pair,Conn,Ansonia,2.50,1866,180
Men's heavy boots,per pair,Conn,Jewett City,3.00,1860,100
Men's heavy boots,per pair,Conn,Jewett City,3.00,1861,96
Men's heavy boots,per pair,Conn,Jewett City,3.00,1862,92
Men's heavy boots,per pair,Conn,Jewett City,3.00,1863,100
Men's heavy boots,per pair,Conn,Jewett City,3.00,1864,117
Men's heavy boots,per pair,Conn,Jewett City,3.00,1865,133
Men's heavy boots,per pair,Conn,Jewett City,3.00,1866,142
Men's heavy boots,per pair,Conn,Waterbury,3.25,1861,100
Men's heavy boots,per pair,Conn,Waterbury,3.25,1862,108
Men's heavy boots,per pair,Conn,Waterbury,3.25,1863,108
Men's heavy boots,per pair,Conn,Waterbury,3.25,1864,123
Men's heavy boots,per pair,Conn,Waterbury,3.25,1865,123
Men's heavy boots,per pair,Conn,Waterbury,3.25,1866,123
Men's heavy boots,per pair,N. Y.,Homer,3.50,1861,100
Men's heavy boots,per pair,N. Y.,Homer,3.50,1862,100
Men's heavy boots,per pair,N. Y.,Homer,3.50,1863,114
Men's heavy boots,per pair,N. Y.,Homer,3.50,1864,143
Men's heavy boots,per pair,N. Y.,Homer,3.50,1865,171
Men's heavy boots,per pair,N. Y.,Homer,3.50,1866,157
Men's heavy boots,per pair,N. J.,Camden,2.50,1860,100
Men's heavy boots,per pair,N. J.,Camden,2.50,1861,100
Men's heavy boots,per pair,N. J.,Camden,2.50,1862,115
Men's heavy boots,per pair,N. J.,Camden,2.50,1863,135
Men's heavy boots,per pair,N. J.,Camden,2.50,1864,150
Men's heavy boots,per pair,N. J.,Camden,2.50,1865,160
Men's heavy boots,per pair,N. J.,Camden,2.50,1866,155
Men's heavy boots,per pair,Pa,Sharon,3.50,1860,100
Men's heavy boots,per pair,Pa,Sharon,3.50,1861,100
Men's heavy boots,per pair,Pa,Sharon,3.50,1862,100
Men's heavy boots,per pair,Pa,Sharon,3.50,1863,129
Men's heavy boots,per pair,Pa,Sharon,3.50,1864,200
Men's heavy boots,per pair,Pa,Sharon,3.50,1865,171
Men's heavy boots,per pair,Pa,Sharon,3.50,1866,143
Men's heavy boots,per pair,W. Va,New Cumberland,3.50,1860,100
Men's heavy boots,per pair,W. Va,New Cumberland,3.50,1861,129
Men's heavy boots,per pair,W. Va,New Cumberland,3.50,1862,171
Men's heavy boots,per pair,W. Va,New Cumberland,3.50,1863,171
Men's heavy boots,per pair,W. Va,New Cumberland,3.50,1864,171
Men's heavy boots,per pair,W. Va,New Cumberland,3.50,1865,186
Men's heavy boots,per pair,W. Va,New Cumberland,3.50,1866,200
Men's heavy boots,per pair,W. Va,Wheeling,4.00,1860,100
Men's heavy boots,per pair,W. Va,Wheeling,4.00,1861,113
Men's heavy boots,per pair,W. Va,Wheeling,4.00,1862,125
Men's heavy boots,per pair,W. Va,Wheeling,4.00,1863,138
Men's heavy boots,per pair,W. Va,Wheeling,4.00,1864,150
Men's heavy boots,per pair,W. Va,Wheeling,4.00,1865,150
Men's heavy boots,per pair,W. Va,Wheeling,4.00,1866,150
Men's heavy boots,per pair,Ohio,Canton,3.00,1860,100
Men's heavy boots,per pair,Ohio,Canton,3.00,1861,100
Men's heavy boots,per pair,Ohio,Canton,3.00,1862,133
Men's heavy boots,per pair,Ohio,Canton,3.00,1863,200
Men's heavy boots,per pair,Ohio,Canton,3.00,1864,267
Men's heavy boots,per pair,Ohio,Canton,3.00,1865,200
Men's heavy boots,per pair,Ohio,Canton,3.00,1866,167
Men's heavy boots,per pair,Ohio,Cincinnati,6.00,1860,100
Men's heavy boots,per pair,Ohio,Cincinnati,6.00,1861,67
Men's heavy boots,per pair,Ohio,Cincinnati,6.00,1862,83
Men's heavy boots,per pair,Ohio,Cincinnati,6.00,1863,100
Men's heavy boots,per pair,Ohio,Cincinnati,6.00,1864,100
Men's heavy boots,per pair,Ohio,Cincinnati,6.00,1865,117
Men's heavy boots,per pair,Ohio,Cincinnati,6.00,1866,117
Men's heavy boots,per pair,Ohio,Ravenna,3.00,1860,100
Men's heavy boots,per pair,Ohio,Ravenna,3.00,1861,108
Men's heavy boots,per pair,Ohio,Ravenna,3.00,1862,142
Men's heavy boots,per pair,Ohio,Ravenna,3.00,1863,158
Men's heavy boots,per pair,Ohio,Ravenna,3.00,1864,183
Men's heavy boots,per pair,Ohio,Ravenna,3.00,1865,183
Men's heavy boots,per pair,Ohio,Ravenna,3.00,1866,183
Men's heavy boots,per pair,Ohio,Zanesville,3.50,1860,100
Men's heavy boots,per pair,Ohio,Zanesville,3.50,1861,100
Men's heavy boots,per pair,Ohio,Zanesville,3.50,1862,114
Men's heavy boots,per pair,Ohio,Zanesville,3.50,1863,114
Men's heavy boots,per pair,Ohio,Zanesville,3.50,1864,143
Men's heavy boots,per pair,Ohio,Zanesville,3.50,1865,143
Men's heavy boots,per pair,Ohio,Zanesville,3.50,1866,171
Men's heavy boots,per pair,Ind,Aurora,5.00,1860,100
Men's heavy boots,per pair,Ind,Aurora,5.00,1861,100
Men's heavy boots,per pair,Ind,Aurora,5.00,1862,100
Men's heavy boots,per pair,Ind,Aurora,5.00,1863,100
Men's heavy boots,per pair,Ind,Aurora,5.00,1864,120
Men's heavy boots,per pair,Ind,Aurora,5.00,1865,120
Men's heavy boots,per pair,Ind,Aurora,5.00,1866,100
Men's heavy boots,per pair,Ind,Evansville,3.00,1861,100
Men's heavy boots,per pair,Ind,Evansville,3.00,1862,100
Men's heavy boots,per pair,Ind,Evansville,3.00,1863,117
Men's heavy boots,per pair,Ind,Evansville,3.00,1864,150
Men's heavy boots,per pair,Ind,Evansville,3.00,1865,150
Men's heavy boots,per pair,Ind,Evansville,3.00,1866,133
Men's heavy boots,per pair,Ind,Fort Wayne,3.50,1861,100
Men's heavy boots,per pair,Ind,Fort Wayne,3.50,1862,114
Men's heavy boots,per pair,Ind,Fort Wayne,3.50,1863,129
Men's heavy boots,per pair,Ind,Fort Wayne,3.50,1864,157
Men's heavy boots,per pair,Ind,Fort Wayne,3.50,1865,157
Men's heavy boots,per pair,Ind,Fort Wayne,3.50,1866,157
Men's heavy boots,per pair,Ind,LaFayette,4.00,1861,100
Men's heavy boots,per pair,Ind,LaFayette,4.00,1862,100
Men's heavy boots,per pair,Ind,LaFayette,4.00,1864,125
Men's heavy boots,per pair,Ind,LaFayette,4.00,1865,150
Men's heavy boots,per pair,Ind,LaFayette,4.00,1866,150
Men's heavy boots,per pair,Ind,New Albany (1),3.00,1860,100
Men's heavy boots,per pair,Ind,New Albany (1),3.00,1861,100
Men's heavy boots,per pair,Ind,New Albany (1),3.00,1862,117
Men's heavy boots,per pair,Ind,New Albany (1),3.00,1863,133
Men's heavy boots,per pair,Ind,New Albany (1),3.00,1864,167
Men's heavy boots,per pair,Ind,New Albany (1),3.00,1865,167
Men's heavy boots,per pair,Ind,New Albany (1),3.00,1866,133
Men's heavy boots,per pair,Ind,New Albany (2),3.125,1860,100
Men's heavy boots,per pair,Ind,New Albany (2),3.125,1861,100
Men's heavy boots,per pair,Ind,New Albany (2),3.125,1862,124
Men's heavy boots,per pair,Ind,New Albany (2),3.125,1863,144
Men's heavy boots,per pair,Ind,New Albany (2),3.125,1864,160
Men's heavy boots,per pair,Ind,New Albany (2),3.125,1865,160
Men's heavy boots,per pair,Ind,New Albany (2),3.125,1866,160
Men's heavy boots,per pair,Ind,Terre Haute,4.00,1860,100
Men's heavy boots,per pair,Ind,Terre Haute,4.00,1861,150
Men's heavy boots,per pair,Ind,Terre Haute,4.00,1862,150
Men's heavy boots,per pair,Ind,Terre Haute,4.00,1863,169
Men's heavy boots,per pair,Ind,Terre Haute,4.00,1864,181
Men's heavy boots,per pair,Ind,Terre Haute,4.00,1865,181
Men's heavy boots,per pair,Ind,Terre Haute,4.00,1866,181
Men's heavy boots,per pair,Ind,Vincennes,3.00,1861,100
Men's heavy boots,per pair,Ind,Vincennes,3.00,1862,150
Men's heavy boots,per pair,Ind,Vincennes,3.00,1863,200
Men's heavy boots,per pair,Ind,Vincennes,3.00,1864,267
Men's heavy boots,per pair,Ind,Vincennes,3.00,1865,233
Men's heavy boots,per pair,Ind,Vincennes,3.00,1866,217
Men's heavy boots,per pair,Ill,Belleville (1),4.50,1860,100
Men's heavy boots,per pair,Ill,Belleville (1),4.50,1861,100
Men's heavy boots,per pair,Ill,Belleville (1),4.50,1862,100
Men's heavy boots,per pair,Ill,Belleville (1),4.50,1863,111
Men's heavy boots,per pair,Ill,Belleville (1),4.50,1864,111
Men's heavy boots,per pair,Ill,Belleville (1),4.50,1865,111
Men's heavy boots,per pair,Ill,Belleville (1),4.50,1866,111
Men's heavy boots,per pair,Ill,Belleville (2),3.50,1860,100
Men's heavy boots,per pair,Ill,Belleville (2),3.50,1861,71
Men's heavy boots,per pair,Ill,Belleville (2),3.50,1865,171
Men's heavy boots,per pair,Ill,Belleville (2),3.50,1866,157
Men's heavy boots,per pair,Ill,Bloomington,2.50,1860,100
Men's heavy boots,per pair,Ill,Bloomington,2.50,1861,110
Men's heavy boots,per pair,Ill,Bloomington,2.50,1862,120
Men's heavy boots,per pair,Ill,Bloomington,2.50,1863,140
Men's heavy boots,per pair,Ill,Bloomington,2.50,1864,160
Men's heavy boots,per pair,Ill,Bloomington,2.50,1865,160
Men's heavy boots,per pair,Ill,Bloomington,2.50,1866,160
Men's heavy boots,per pair,Ill,Springfield,2.00,1860,100
Men's heavy boots,per pair,Ill,Springfield,2.00,1861,88
Men's heavy boots,per pair,Ill,Springfield,2.00,1862,113
Men's heavy boots,per pair,Ill,Springfield,2.00,1863,150
Men's heavy boots,per pair,Ill,Springfield,2.00,1864,175
Men's heavy boots,per pair,Ill,Springfield,2.00,1865,200
Men's heavy boots,per pair,Ill,Springfield,2.00,1866,225
Men's heavy boots,per pair,Iowa,Cedar Rapids,3.50,1861,100
Men's heavy boots,per pair,Iowa,Cedar Rapids,3.50,1862,157
Men's heavy boots,per pair,Iowa,Cedar Rapids,3.50,1863,157
Men's heavy boots,per pair,Iowa,Cedar Rapids,3.50,1864,143
Men's heavy boots,per pair,Iowa,Cedar Rapids,3.50,1865,143
Men's heavy boots,per pair,Iowa,Cedar Rapids,3.50,1866,143
Men's heavy boots,per pair,Mo,Pilot Knob,4.00,1860,100
Men's heavy boots,per pair,Mo,Pilot Knob,4.00,1861,100
Men's heavy boots,per pair,Mo,Pilot Knob,4.00,1862,113
Men's heavy boots,per pair,Mo,Pilot Knob,4.00,1863,125
Men's heavy boots,per pair,Mo,Pilot Knob,4.00,1864,125
Men's heavy boots,per pair,Mo,Pilot Knob,4.00,1865,125
Men's heavy boots,per pair,Mo,Pilot Knob,4.00,1866,100
Men's heavy boots,per pair,Mo,St. Louis,2.50,1860,100
Men's heavy boots,per pair,Mo,St. Louis,2.50,1861,120
Men's heavy boots,per pair,Mo,St. Louis,2.50,1862,140
Men's heavy boots,per pair,Mo,St. Louis,2.50,1863,160
Men's heavy boots,per pair,Mo,St. Louis,2.50,1864,160
Men's heavy boots,per pair,Mo,St. Louis,2.50,1865,160
Men's heavy boots,per pair,Mo,St. Louis,2.50,1866,140
Rent of houses per month: four rooms,per month,Mass,Boston,5.00,1860,100
Rent of houses per month: four rooms,per month,Mass,Boston,5.00,1861,100
Rent of houses per month: four rooms,per month,Mass,Boston,5.00,1862,100
Rent of houses per month: four rooms,per month,Mass,Boston,5.00,1863,100
Rent of houses per month: four rooms,per month,Mass,Boston,5.00,1864,140
Rent of houses per month: four rooms,per month,Mass,Boston,5.00,1865,140
Rent of houses per month: four rooms,per month,Mass,Boston,5.00,1866,140
Rent of houses per month: four rooms,per month,Mass,Boston,5.00,1867,140
Rent of houses per month: four rooms,per month,Mass,Boston,5.00,1868,200
Rent of houses per month: four rooms,per month,Conn,Jewett City,2.00,1860,100
Rent of houses per month: four rooms,per month,Conn,Jewett City,2.00,1861,100
Rent of houses per month: four rooms,per month,Conn,Jewett City,2.00,1862,100
Rent of houses per month: four rooms,per month,Conn,Jewett City,2.00,1863,100
Rent of houses per month: four rooms,per month,Conn,Jewett City,2.00,1864,100
Rent of houses per month: four rooms,per month,Conn,Jewett City,2.00,1865,100
Rent of houses per month: four rooms,per month,Conn,Jewett City,2.00,1866,100
Rent of houses per month: four rooms,per month,Conn,Jewett City,2.00,1867,100
Rent of houses per month: four rooms,per month,Conn,Jewett City,2.00,1868,100
Rent of houses per month: four rooms,per month,N. J.,Camden,6.50,1860,100
Rent of houses per month: four rooms,per month,N. J.,Camden,6.50,1861,100
Rent of houses per month: four rooms,per month,N. J.,Camden,6.50,1862,100
Rent of houses per month: four rooms,per month,N. J.,Camden,6.50,1863,92
Rent of houses per month: four rooms,per month,N. J.,Camden,6.50,1864,92
Rent of houses per month: four rooms,per month,N. J.,Camden,6.50,1865,115
Rent of houses per month: four rooms,per month,N. J.,Camden,6.50,1866,115
Rent of houses per month: four rooms,per month,N. J.,Camden,6.50,1867,115
Rent of houses per month: four rooms,per month,N. J.,Camden,6.50,1868,123
Rent of houses per month: four rooms,per month,Pa,Philadelphia,6.00,1861,100
Rent of houses per month: four rooms,per month,Pa,Philadelphia,6.00,1862,100
Rent of houses per month: four rooms,per month,Pa,Philadelphia,6.00,1863,100
Rent of houses per month: four rooms,per month,Pa,Philadelphia,6.00,1864,133
Rent of houses per month: four rooms,per month,Pa,Philadelphia,6.00,1865,167
Rent of houses per month: four rooms,per month,Pa,Philadelphia,6.00,1866,200
Rent of houses per month: four rooms,per month,Pa,Philadelphia,6.00,1867,200
Rent of houses per month: four rooms,per month,Pa,Philadelphia,6.00,1868,200
Rent of houses per month: four rooms,per month,W. Va,New Cumberland,4.00,1860,100
Rent of houses per month: four rooms,per month,W. Va,New Cumberland,4.00,1861,100
Rent of houses per month: four rooms,per month,W. Va,New Cumberland,4.00,1862,125
Rent of houses per month: four rooms,per month,W. Va,New Cumberland,4.00,1863,125
Rent of houses per month: four rooms,per month,W. Va,New Cumberland,4.00,1864,138
Rent of houses per month: four rooms,per month,W. Va,New Cumberland,4.00,1865,138
Rent of houses per month: four rooms,per month,W. Va,New Cumberland,4.00,1866,138
Rent of houses per month: four rooms,per month,W. Va,New Cumberland,4.00,1867,125
Rent of houses per month: four rooms,per month,W. Va,New Cumberland,4.00,1868,100
Rent of houses per month: four rooms,per month,Ohio,Canton,6.25,1860,100
Rent of houses per month: four rooms,per month,Ohio,Canton,6.25,1861,64
Rent of houses per month: four rooms,per month,Ohio,Canton,6.25,1862,80
Rent of houses per month: four rooms,per month,Ohio,Canton,6.25,1863,96
Rent of houses per month: four rooms,per month,Ohio,Canton,6.25,1864,96
Rent of houses per month: four rooms,per month,Ohio,Canton,6.25,1865,96
Rent of houses per month: four rooms,per month,Ohio,Canton,6.25,1866,96
Rent of houses per month: four rooms,per month,Ohio,Canton,6.25,1867,96
Rent of houses per month: four rooms,per month,Ohio,Canton,6.25,1868,96
Rent of houses per month: four rooms,per month,Ohio,Cincinnati,6.00,1860,100
Rent of houses per month: four rooms,per month,Ohio,Cincinnati,6.00,1861,67
Rent of houses per month: four rooms,per month,Ohio,Cincinnati,6.00,1862,67
Rent of houses per month: four rooms,per month,Ohio,Cincinnati,6.00,1863,83
Rent of houses per month: four rooms,per month,Ohio,Cincinnati,6.00,1864,100
Rent of houses per month: four rooms,per month,Ohio,Cincinnati,6.00,1865,100
Rent of houses per month: four rooms,per month,Ohio,Cincinnati,6.00,1866,100
Rent of houses per month: four rooms,per month,Ohio,Cincinnati,6.00,1867,83
Rent of houses per month: four rooms,per month,Ohio,Cincinnati,6.00,1868,83
Rent of houses per month: four rooms,per month,Ohio,Springfield,5.00,1860,100
Rent of houses per month: four rooms,per month,Ohio,Springfield,5.00,1861,100
Rent of houses per month: four rooms,per month,Ohio,Springfield,5.00,1862,100
Rent of houses per month: four rooms,per month,Ohio,Springfield,5.00,1863,100
Rent of houses per month: four rooms,per month,Ohio,Springfield,5.00,1864,100
Rent of houses per month: four rooms,per month,Ohio,Springfield,5.00,1865,100
Rent of houses per month: four rooms,per month,Ohio,Springfield,5.00,1866,100
Rent of houses per month: four rooms,per month,Ohio,Springfield,5.00,1867,120
Rent of houses per month: four rooms,per month,Ohio,Springfield,5.00,1868,120
Rent of houses per month: four rooms,per month,Ohio,Zanesville,7.00,1860,100
Rent of houses per month: four rooms,per month,Ohio,Zanesville,7.00,1861,100
Rent of houses per month: four rooms,per month,Ohio,Zanesville,7.00,1862,114
Rent of houses per month: four rooms,per month,Ohio,Zanesville,7.00,1863,114
Rent of houses per month: four rooms,per month,Ohio,Zanesville,7.00,1864,114
Rent of houses per month: four rooms,per month,Ohio,Zanesville,7.00,1865,129
Rent of houses per month: four rooms,per month,Ohio,Zanesville,7.00,1866,129
Rent of houses per month: four rooms,per month,Ohio,Zanesville,7.00,1867,143
Rent of houses per month: four rooms,per month,Ohio,Zanesville,7.00,1868,143
Rent of houses per month: four rooms,per month,Ky,Louisville,12.00,1860,100
Rent of houses per month: four rooms,per month,Ky,Louisville,12.00,1861,125
Rent of houses per month: four rooms,per month,Ky,Louisville,12.00,1862,125
Rent of houses per month: four rooms,per month,Ky,Louisville,12.00,1863,167
Rent of houses per month: four rooms,per month,Ky,Louisville,12.00,1864,208
Rent of houses per month: four rooms,per month,Ky,Louisville,12.00,1865,208
Rent of houses per month: four rooms,per month,Ky,Louisville,12.00,1866,208
Rent of houses per month: four rooms,per month,Ky,Louisville,12.00,1867,167
Rent of houses per month: four rooms,per month,Ky,Louisville,12.00,1868,167
Rent of houses per month: four rooms,per month,Ind,Indianapolis,7.00,1861,100
Rent of houses per month: four rooms,per month,Ind,Indianapolis,7.00,1862,129
Rent of houses per month: four rooms,per month,Ind,Indianapolis,7.00,1863,129
Rent of houses per month: four rooms,per month,Ind,Indianapolis,7.00,1864,129
Rent of houses per month: four rooms,per month,Ind,Indianapolis,7.00,1866,143
Rent of houses per month: four rooms,per month,Ind,Indianapolis,7.00,1867,143
Rent of houses per month: four rooms,per month,Ind,Indianapolis,7.00,1868,143
Rent of houses per month: four rooms,per month,Ind,LaFayette,6.00,1860,100
Rent of houses per month: four rooms,per month,Ind,LaFayette,6.00,1861,100
Rent of houses per month: four rooms,per month,Ind,LaFayette,6.00,1862,100
Rent of houses per month: four rooms,per month,Ind,LaFayette,6.00,1863,100
Rent of houses per month: four rooms,per month,Ind,LaFayette,6.00,1864,100
Rent of houses per month: four rooms,per month,Ind,LaFayette,6.00,1865,108
Rent of houses per month: four rooms,per month,Ind,LaFayette,6.00,1866,117
Rent of houses per month: four rooms,per month,Ind,LaFayette,6.00,1867,133
Rent of houses per month: four rooms,per month,Ind,LaFayette,6.00,1868,142
Rent of houses per month: four rooms,per month,Ind,Lawrenceburg,7.00,1860,100
Rent of houses per month: four rooms,per month,Ind,Lawrenceburg,7.00,1861,114
Rent of houses per month: four rooms,per month,Ind,Lawrenceburg,7.00,1862,143
Rent of houses per month: four rooms,per month,Ind,Lawrenceburg,7.00,1863,143
Rent of houses per month: four rooms,per month,Ind,Lawrenceburg,7.00,1864,143
Rent of houses per month: four rooms,per month,Ind,Lawrenceburg,7.00,1865,143
Rent of houses per month: four rooms,per month,Ind,Lawrenceburg,7.00,1866,143
Rent of houses per month: four rooms,per month,Ind,Lawrenceburg,7.00,1867,143
Rent of houses per month: four rooms,per month,Ind,Lawrenceburg,7.00,1868,129
Rent of houses per month: four rooms,per month,Ind,Terre Haute,8.00,1861,100
Rent of houses per month: four rooms,per month,Ind,Terre Haute,8.00,1862,125
Rent of houses per month: four rooms,per month,Ind,Terre Haute,8.00,1863,163
Rent of houses per month: four rooms,per month,Ind,Terre Haute,8.00,1864,175
Rent of houses per month: four rooms,per month,Ind,Terre Haute,8.00,1865,175
Rent of houses per month: four rooms,per month,Ind,Terre Haute,8.00,1866,175
Rent of houses per month: four rooms,per month,Ind,Terre Haute,8.00,1867,175
Rent of houses per month: four rooms,per month,Ind,Terre Haute,8.00,1868,175
Rent of houses per month: four rooms,per month,Ill,Bloomington,8.00,1861,100
Rent of houses per month: four rooms,per month,Ill,Bloomington,8.00,1862,100
Rent of houses per month: four rooms,per month,Ill,Bloomington,8.00,1863,113
Rent of houses per month: four rooms,per month,Ill,Bloomington,8.00,1864,125
Rent of houses per month: four rooms,per month,Ill,Bloomington,8.00,1865,125
Rent of houses per month: four rooms,per month,Ill,Bloomington,8.00,1866,125
Rent of houses per month: four rooms,per month,Ill,Bloomington,8.00,1867,138
Rent of houses per month: four rooms,per month,Ill,Bloomington,8.00,1868,138
Rent of houses per month: four rooms,per month,Ill,Rock Island,4.00,1861,100
Rent of houses per month: four rooms,per month,Ill,Rock Island,4.00,1862,100
Rent of houses per month: four rooms,per month,Ill,Rock Island,4.00,1863,100
Rent of houses per month: four rooms,per month,Ill,Rock Island,4.00,1864,100
Rent of houses per month: four rooms,per month,Ill,Rock Island,4.00,1865,125
Rent of houses per month: four rooms,per month,Ill,Rock Island,4.00,1866,125
Rent of houses per month: four rooms,per month,Ill,Rock Island,4.00,1867,125
Rent of houses per month: four rooms,per month,Ill,Rock Island,4.00,1868,125
Rent of houses per month: four rooms,per month,Iowa,Cedar Rapids,5.00,1861,100
Rent of houses per month: four rooms,per month,Iowa,Cedar Rapids,5.00,1862,100
Rent of houses per month: four rooms,per month,Iowa,Cedar Rapids,5.00,1863,100
Rent of houses per month: four rooms,per month,Iowa,Cedar Rapids,5.00,1864,120
Rent of houses per month: four rooms,per month,Iowa,Cedar Rapids,5.00,1865,120
Rent of houses per month: four rooms,per month,Iowa,Cedar Rapids,5.00,1866,120
Rent of houses per month: four rooms,per month,Iowa,Cedar Rapids,5.00,1867,130
Rent of houses per month: four rooms,per month,Iowa,Cedar Rapids,5.00,1868,130
Rent of houses per month: four rooms,per month,Mo,Pilot Knob,5.00,1860,100
Rent of houses per month: four rooms,per month,Mo,Pilot Knob,5.00,1861,100
Rent of houses per month: four rooms,per month,Mo,Pilot Knob,5.00,1862,120
Rent of houses per month: four rooms,per month,Mo,Pilot Knob,5.00,1863,120
Rent of houses per month: four rooms,per month,Mo,Pilot Knob,5.00,1864,120
Rent of houses per month: four rooms,per month,Mo,Pilot Knob,5.00,1865,120
Rent of houses per month: four rooms,per month,Mo,Pilot Knob,5.00,1866,80
Rent of houses per month: four rooms,per month,Mo,Pilot Knob,5.00,1867,80
Rent of houses per month: four rooms,per month,Mo,Pilot Knob,5.00,1868,80
Rent of houses per month: four rooms,per month,Mo,St. Louis,10.00,1860,100
Rent of houses per month: four rooms,per month,Mo,St. Louis,10.00,1861,100
Rent of houses per month: four rooms,per month,Mo,St. Louis,10.00,1862,100
Rent of houses per month: four rooms,per month,Mo,St. Louis,10.00,1863,150
Rent of houses per month: four rooms,per month,Mo,St. Louis,10.00,1864,150
Rent of houses per month: four rooms,per month,Mo,St. Louis,10.00,1865,150
Rent of houses per month: four rooms,per month,Mo,St. Louis,10.00,1866,180
Rent of houses per month: four rooms,per month,Mo,St. Louis,10.00,1867,180
Rent of houses per month: four rooms,per month,Mo,St. Louis,10.00,1868,180
Rent of houses per month: six or seven rooms,per month,Mass,Boston [6 rooms],9.00,1860,100
Rent of houses per month: six or seven rooms,per month,Mass,Boston [6 rooms],9.00,1861,100
Rent of houses per month: six or seven rooms,per month,Mass,Boston [6 rooms],9.00,1862,100
Rent of houses per month: six or seven rooms,per month,Mass,Boston [6 rooms],9.00,1863,100
Rent of houses per month: six or seven rooms,per month,Mass,Boston [6 rooms],9.00,1864,133
Rent of houses per month: six or seven rooms,per month,Mass,Boston [6 rooms],9.00,1865,133
Rent of houses per month: six or seven rooms,per month,Mass,Boston [6 rooms],9.00,1866,133
Rent of houses per month: six or seven rooms,per month,Mass,Boston [6 rooms],9.00,1867,133
Rent of houses per month: six or seven rooms,per month,Mass,Boston [6 rooms],9.00,1868,189
Rent of houses per month: six or seven rooms,per month,Mass,Boston [7 rooms],10.00,1860,100
Rent of houses per month: six or seven rooms,per month,Mass,Boston [7 rooms],10.00,1861,100
Rent of houses per month: six or seven rooms,per month,Mass,Boston [7 rooms],10.00,1862,100
Rent of houses per month: six or seven rooms,per month,Mass,Boston [7 rooms],10.00,1863,100
Rent of houses per month: six or seven rooms,per month,Mass,Boston [7 rooms],10.00,1864,140
Rent of houses per month: six or seven rooms,per month,Mass,Boston [7 rooms],10.00,1865,140
Rent of houses per month: six or seven rooms,per month,Mass,Boston [7 rooms],10.00,1866,140
Rent of houses per month: six or seven rooms,per month,Mass,Boston [7 rooms],10.00,1867,140
Rent of houses per month: six or seven rooms,per month,Mass,Boston [7 rooms],10.00,1868,200
Rent of houses per month: six or seven rooms,per month,Conn,Jewett City [6 rooms],3.00,1860,100
Rent of houses per month: six or seven rooms,per month,Conn,Jewett City [6 rooms],3.00,1861,100
Rent of houses per month: six or seven rooms,per month,Conn,Jewett City [6 rooms],3.00,1862,100
Rent of houses per month: six or seven rooms,per month,Conn,Jewett City [6 rooms],3.00,1863,100
Rent of houses per month: six or seven rooms,per month,Conn,Jewett City [6 rooms],3.00,1864,100
Rent of houses per month: six or seven rooms,per month,Conn,Jewett City [6 rooms],3.00,1865,100
Rent of houses per month: six or seven rooms,per month,Conn,Jewett City [6 rooms],3.00,1866,100
Rent of houses per month: six or seven rooms,per month,Conn,Jewett City [6 rooms],3.00,1867,100
Rent of houses per month: six or seven rooms,per month,Conn,Jewett City [6 rooms],3.00,1868,100
Rent of houses per month: six or seven rooms,per month,N. J.,Camden [6 rooms],8.00,1860,100
Rent of houses per month: six or seven rooms,per month,N. J.,Camden [6 rooms],8.00,1861,100
Rent of houses per month: six or seven rooms,per month,N. J.,Camden [6 rooms],8.00,1862,100
Rent of houses per month: six or seven rooms,per month,N. J.,Camden [6 rooms],8.00,1863,100
Rent of houses per month: six or seven rooms,per month,N. J.,Camden [6 rooms],8.00,1864,100
Rent of houses per month: six or seven rooms,per month,N. J.,Camden [6 rooms],8.00,1865,125
Rent of houses per month: six or seven rooms,per month,N. J.,Camden [6 rooms],8.00,1866,125
Rent of houses per month: six or seven rooms,per month,N. J.,Camden [6 rooms],8.00,1867,150
Rent of houses per month: six or seven rooms,per month,N. J.,Camden [6 rooms],8.00,1868,188
Rent of houses per month: six or seven rooms,per month,Pa,Hokendauqua [6 rooms],3.42,1860,100
Rent of houses per month: six or seven rooms,per month,Pa,Hokendauqua [6 rooms],3.42,1861,100
Rent of houses per month: six or seven rooms,per month,Pa,Hokendauqua [6 rooms],3.42,1862,111
Rent of houses per month: six or seven rooms,per month,Pa,Hokendauqua [6 rooms],3.42,1863,117
Rent of houses per month: six or seven rooms,per month,Pa,Hokendauqua [6 rooms],3.42,1864,129
Rent of houses per month: six or seven rooms,per month,Pa,Hokendauqua [6 rooms],3.42,1865,129
Rent of houses per month: six or seven rooms,per month,Pa,Hokendauqua [6 rooms],3.42,1866,129
Rent of houses per month: six or seven rooms,per month,Pa,Hokendauqua [6 rooms],3.42,1867,129
Rent of houses per month: six or seven rooms,per month,Pa,Hokendauqua [6 rooms],3.42,1868,129
Rent of houses per month: six or seven rooms,per month,Pa,Philadelphia [6 rooms],9.00,1861,100
Rent of houses per month: six or seven rooms,per month,Pa,Philadelphia [6 rooms],9.00,1862,100
Rent of houses per month: six or seven rooms,per month,Pa,Philadelphia [6 rooms],9.00,1863,100
Rent of houses per month: six or seven rooms,per month,Pa,Philadelphia [6 rooms],9.00,1864,133
Rent of houses per month: six or seven rooms,per month,Pa,Philadelphia [6 rooms],9.00,1865,167
Rent of houses per month: six or seven rooms,per month,Pa,Philadelphia [6 rooms],9.00,1866,200
Rent of houses per month: six or seven rooms,per month,Pa,Philadelphia [6 rooms],9.00,1867,200
Rent of houses per month: six or seven rooms,per month,Pa,Philadelphia [6 rooms],9.00,1868,200
Rent of houses per month: six or seven rooms,per month,W. Va,New Cumberland [6 rooms],6.00,1860,100
Rent of houses per month: six or seven rooms,per month,W. Va,New Cumberland [6 rooms],6.00,1861,100
Rent of houses per month: six or seven rooms,per month,W. Va,New Cumberland [6 rooms],6.00,1862,133
Rent of houses per month: six or seven rooms,per month,W. Va,New Cumberland [6 rooms],6.00,1863,133
Rent of houses per month: six or seven rooms,per month,W. Va,New Cumberland [6 rooms],6.00,1864,133
Rent of houses per month: six or seven rooms,per month,W. Va,New Cumberland [6 rooms],6.00,1865,133
Rent of houses per month: six or seven rooms,per month,W. Va,New Cumberland [6 rooms],6.00,1866,133
Rent of houses per month: six or seven rooms,per month,W. Va,New Cumberland [6 rooms],6.00,1867,133
Rent of houses per month: six or seven rooms,per month,W. Va,New Cumberland [6 rooms],6.00,1868,117
Rent of houses per month: six or seven rooms,per month,Ohio,"Canton [6 rooms, 1st]",7.00,1861,100
Rent of houses per month: six or seven rooms,per month,Ohio,"Canton [6 rooms, 1st]",7.00,1862,114
Rent of houses per month: six or seven rooms,per month,Ohio,"Canton [6 rooms, 1st]",7.00,1863,129
Rent of houses per month: six or seven rooms,per month,Ohio,"Canton [6 rooms, 1st]",7.00,1864,143
Rent of houses per month: six or seven rooms,per month,Ohio,"Canton [6 rooms, 1st]",7.00,1865,143
Rent of houses per month: six or seven rooms,per month,Ohio,"Canton [6 rooms, 1st]",7.00,1866,143
Rent of houses per month: six or seven rooms,per month,Ohio,"Canton [6 rooms, 1st]",7.00,1867,143
Rent of houses per month: six or seven rooms,per month,Ohio,"Canton [6 rooms, 1st]",7.00,1868,143
Rent of houses per month: six or seven rooms,per month,Ohio,"Canton [6 rooms, 2d]",7.00,1860,100
Rent of houses per month: six or seven rooms,per month,Ohio,"Canton [6 rooms, 2d]",7.00,1861,71
Rent of houses per month: six or seven rooms,per month,Ohio,"Canton [6 rooms, 2d]",7.00,1862,86
Rent of houses per month: six or seven rooms,per month,Ohio,"Canton [6 rooms, 2d]",7.00,1863,100
Rent of houses per month: six or seven rooms,per month,Ohio,"Canton [6 rooms, 2d]",7.00,1864,114
Rent of houses per month: six or seven rooms,per month,Ohio,"Canton [6 rooms, 2d]",7.00,1865,114
Rent of houses per month: six or seven rooms,per month,Ohio,"Canton [6 rooms, 2d]",7.00,1866,114
Rent of houses per month: six or seven rooms,per month,Ohio,"Canton [6 rooms, 2d]",7.00,1867,114
Rent of houses per month: six or seven rooms,per month,Ohio,"Canton [6 rooms, 2d]",7.00,1868,114
Rent of houses per month: six or seven rooms,per month,Ohio,Cincinnati [6 rooms],8.00,1860,100
Rent of houses per month: six or seven rooms,per month,Ohio,Cincinnati [6 rooms],8.00,1861,100
Rent of houses per month: six or seven rooms,per month,Ohio,Cincinnati [6 rooms],8.00,1862,100
Rent of houses per month: six or seven rooms,per month,Ohio,Cincinnati [6 rooms],8.00,1863,150
Rent of houses per month: six or seven rooms,per month,Ohio,Cincinnati [6 rooms],8.00,1864,313
Rent of houses per month: six or seven rooms,per month,Ohio,Cincinnati [6 rooms],8.00,1865,313
Rent of houses per month: six or seven rooms,per month,Ohio,Cincinnati [6 rooms],8.00,1866,313
Rent of houses per month: six or seven rooms,per month,Ohio,Cincinnati [6 rooms],8.00,1867,250
Rent of houses per month: six or seven rooms,per month,Ohio,Cincinnati [6 rooms],8.00,1868,250
Rent of houses per month: six or seven rooms,per month,Ohio,Zanesville [6 rooms],9.00,1860,100
Rent of houses per month: six or seven rooms,per month,Ohio,Zanesville [6 rooms],9.00,1861,100
Rent of houses per month: six or seven rooms,per month,Ohio,Zanesville [6 rooms],9.00,1862,100
Rent of houses per month: six or seven rooms,per month,Ohio,Zanesville [6 rooms],9.00,1863,111
Rent of houses per month: six or seven rooms,per month,Ohio,Zanesville [6 rooms],9.00,1864,111
Rent of houses per month: six or seven rooms,per month,Ohio,Zanesville [6 rooms],9.00,1865,111
Rent of houses per month: six or seven rooms,per month,Ohio,Zanesville [6 rooms],9.00,1866,111
Rent of houses per month: six or seven rooms,per month,Ohio,Zanesville [6 rooms],9.00,1867,122
Rent of houses per month: six or seven rooms,per month,Ohio,Zanesville [6 rooms],9.00,1868,122
Rent of houses per month: six or seven rooms,per month,Ky,Louisville [6 rooms],15.00,1860,100
Rent of houses per month: six or seven rooms,per month,Ky,Louisville [6 rooms],15.00,1861,133
Rent of houses per month: six or seven rooms,per month,Ky,Louisville [6 rooms],15.00,1862,133
Rent of houses per month: six or seven rooms,per month,Ky,Louisville [6 rooms],15.00,1863,167
Rent of houses per month: six or seven rooms,per month,Ky,Louisville [6 rooms],15.00,1864,233
Rent of houses per month: six or seven rooms,per month,Ky,Louisville [6 rooms],15.00,1865,233
Rent of houses per month: six or seven rooms,per month,Ky,Louisville [6 rooms],15.00,1866,233
Rent of houses per month: six or seven rooms,per month,Ky,Louisville [6 rooms],15.00,1867,167
Rent of houses per month: six or seven rooms,per month,Ky,Louisville [6 rooms],15.00,1868,167
Rent of houses per month: six or seven rooms,per month,Ind,Indianapolis [6 rooms],8.00,1861,100
Rent of houses per month: six or seven rooms,per month,Ind,Indianapolis [6 rooms],8.00,1862,125
Rent of houses per month: six or seven rooms,per month,Ind,Indianapolis [6 rooms],8.00,1863,125
Rent of houses per month: six or seven rooms,per month,Ind,Indianapolis [6 rooms],8.00,1864,138
Rent of houses per month: six or seven rooms,per month,Ind,Indianapolis [6 rooms],8.00,1865,138
Rent of houses per month: six or seven rooms,per month,Ind,Indianapolis [6 rooms],8.00,1866,138
Rent of houses per month: six or seven rooms,per month,Ind,Indianapolis [6 rooms],8.00,1867,150
Rent of houses per month: six or seven rooms,per month,Ind,Indianapolis [6 rooms],8.00,1868,150
Rent of houses per month: six or seven rooms,per month,Ind,La Fayette [6 rooms],8.00,1860,100
Rent of houses per month: six or seven rooms,per month,Ind,La Fayette [6 rooms],8.00,1861,100
Rent of houses per month: six or seven rooms,per month,Ind,La Fayette [6 rooms],8.00,1862,100
Rent of houses per month: six or seven rooms,per month,Ind,La Fayette [6 rooms],8.00,1863,100
Rent of houses per month: six or seven rooms,per month,Ind,La Fayette [6 rooms],8.00,1864,100
Rent of houses per month: six or seven rooms,per month,Ind,La Fayette [6 rooms],8.00,1865,113
Rent of houses per month: six or seven rooms,per month,Ind,La Fayette [6 rooms],8.00,1866,125
Rent of houses per month: six or seven rooms,per month,Ind,La Fayette [6 rooms],8.00,1867,138
Rent of houses per month: six or seven rooms,per month,Ind,La Fayette [6 rooms],8.00,1868,144
Rent of houses per month: six or seven rooms,per month,Ind,Lawrenceburg [6 rooms],10.00,1860,100
Rent of houses per month: six or seven rooms,per month,Ind,Lawrenceburg [6 rooms],10.00,1861,110
Rent of houses per month: six or seven rooms,per month,Ind,Lawrenceburg [6 rooms],10.00,1862,125
Rent of houses per month: six or seven rooms,per month,Ind,Lawrenceburg [6 rooms],10.00,1863,125
Rent of houses per month: six or seven rooms,per month,Ind,Lawrenceburg [6 rooms],10.00,1864,125
Rent of houses per month: six or seven rooms,per month,Ind,Lawrenceburg [6 rooms],10.00,1865,125
Rent of houses per month: six or seven rooms,per month,Ind,Lawrenceburg [6 rooms],10.00,1866,125
Rent of houses per month: six or seven rooms,per month,Ind,Lawrenceburg [6 rooms],10.00,1867,125
Rent of houses per month: six or seven rooms,per month,Ind,Lawrenceburg [6 rooms],10.00,1868,125
Rent of houses per month: six or seven rooms,per month,Ill,Bloomington [6 rooms],10.00,1861,100
Rent of houses per month: six or seven rooms,per month,Ill,Bloomington [6 rooms],10.00,1862,100
Rent of houses per month: six or seven rooms,per month,Ill,Bloomington [6 rooms],10.00,1863,120
Rent of houses per month: six or seven rooms,per month,Ill,Bloomington [6 rooms],10.00,1864,120
Rent of houses per month: six or seven rooms,per month,Ill,Bloomington [6 rooms],10.00,1865,120
Rent of houses per month: six or seven rooms,per month,Ill,Bloomington [6 rooms],10.00,1866,120
Rent of houses per month: six or seven rooms,per month,Ill,Bloomington [6 rooms],10.00,1867,130
Rent of houses per month: six or seven rooms,per month,Ill,Bloomington [6 rooms],10.00,1868,130
Rent of houses per month: six or seven rooms,per month,Ill,Rock Island [6 rooms],6.00,1861,100
Rent of houses per month: six or seven rooms,per month,Ill,Rock Island [6 rooms],6.00,1862,100
Rent of houses per month: six or seven rooms,per month,Ill,Rock Island [6 rooms],6.00,1863,100
Rent of houses per month: six or seven rooms,per month,Ill,Rock Island [6 rooms],6.00,1864,100
Rent of houses per month: six or seven rooms,per month,Ill,Rock Island [6 rooms],6.00,1865,117
Rent of houses per month: six or seven rooms,per month,Ill,Rock Island [6 rooms],6.00,1866,117
Rent of houses per month: six or seven rooms,per month,Ill,Rock Island [6 rooms],6.00,1867,117
Rent of houses per month: six or seven rooms,per month,Ill,Rock Island [6 rooms],6.00,1868,117
Rent of houses per month: six or seven rooms,per month,Ia,Cedar Rapids [6 rooms],6.00,1861,100
Rent of houses per month: six or seven rooms,per month,Ia,Cedar Rapids [6 rooms],6.00,1862,100
Rent of houses per month: six or seven rooms,per month,Ia,Cedar Rapids [6 rooms],6.00,1863,100
Rent of houses per month: six or seven rooms,per month,Ia,Cedar Rapids [6 rooms],6.00,1864,117
Rent of houses per month: six or seven rooms,per month,Ia,Cedar Rapids [6 rooms],6.00,1865,117
Rent of houses per month: six or seven rooms,per month,Ia,Cedar Rapids [6 rooms],6.00,1866,117
Rent of houses per month: six or seven rooms,per month,Ia,Cedar Rapids [6 rooms],6.00,1867,125
Rent of houses per month: six or seven rooms,per month,Ia,Cedar Rapids [6 rooms],6.00,1868,125
Rent of houses per month: six or seven rooms,per month,Mo,St. Louis [6 rooms],15.00,1860,100
Rent of houses per month: six or seven rooms,per month,Mo,St. Louis [6 rooms],15.00,1861,80
Rent of houses per month: six or seven rooms,per month,Mo,St. Louis [6 rooms],15.00,1862,80
Rent of houses per month: six or seven rooms,per month,Mo,St. Louis [6 rooms],15.00,1863,111
Rent of houses per month: six or seven rooms,per month,Mo,St. Louis [6 rooms],15.00,1864,111
Rent of houses per month: six or seven rooms,per month,Mo,St. Louis [6 rooms],15.00,1865,111
Rent of houses per month: six or seven rooms,per month,Mo,St. Louis [6 rooms],15.00,1866,133
Rent of houses per month: six or seven rooms,per month,Mo,St. Louis [6 rooms],15.00,1867,133
Rent of houses per month: six or seven rooms,per month,Mo,St. Louis [6 rooms],15.00,1868,133
Board per week: for men,per week,Conn,Jewett City,2.00,1860,100
Board per week: for men,per week,Conn,Jewett City,2.00,1861,100
Board per week: for men,per week,Conn,Jewett City,2.00,1862,100
Board per week: for men,per week,Conn,Jewett City,2.00,1863,100
Board per week: for men,per week,Conn,Jewett City,2.00,1864,150
Board per week: for men,per week,Conn,Jewett City,2.00,1865,150
Board per week: for men,per week,Conn,Jewett City,2.00,1866,175
Board per week: for men,per week,Pa,Philadelphia,3.00,1861,100
Board per week: for men,per week,Pa,Philadelphia,3.00,1862,117
Board per week: for men,per week,Pa,Philadelphia,3.00,1863,117
Board per week: for men,per week,Pa,Philadelphia,3.00,1865,167
Board per week: for men,per week,Pa,Philadelphia,3.00,1866,167
Board per week: for men,per week,Pa,Sharon,2.50,1860,100
Board per week: for men,per week,Pa,Sharon,2.50,1861,100
Board per week: for men,per week,Pa,Sharon,2.50,1862,100
Board per week: for men,per week,Pa,Sharon,2.50,1863,160
Board per week: for men,per week,Pa,Sharon,2.50,1864,200
Board per week: for men,per week,Pa,Sharon,2.50,1865,200
Board per week: for men,per week,Pa,Sharon,2.50,1866,200
Board per week: for men,per week,W. Va,New Cumberland,1.50,1860,100
Board per week: for men,per week,W. Va,New Cumberland,1.50,1861,133
Board per week: for men,per week,W. Va,New Cumberland,1.50,1862,167
Board per week: for men,per week,W. Va,New Cumberland,1.50,1863,167
Board per week: for men,per week,W. Va,New Cumberland,1.50,1864,167
Board per week: for men,per week,W. Va,New Cumberland,1.50,1865,167
Board per week: for men,per week,W. Va,New Cumberland,1.50,1866,167
Board per week: for men,per week,Ohio,Canton,2.50,1860,100
Board per week: for men,per week,Ohio,Canton,2.50,1861,120
Board per week: for men,per week,Ohio,Canton,2.50,1862,180
Board per week: for men,per week,Ohio,Canton,2.50,1863,180
Board per week: for men,per week,Ohio,Canton,2.50,1864,180
Board per week: for men,per week,Ohio,Canton,2.50,1865,180
Board per week: for men,per week,Ohio,Canton,2.50,1866,160
Board per week: for men,per week,Ohio,Cincinnati,1.75,1860,100
Board per week: for men,per week,Ohio,Cincinnati,1.75,1861,114
Board per week: for men,per week,Ohio,Cincinnati,1.75,1862,114
Board per week: for men,per week,Ohio,Cincinnati,1.75,1863,171
Board per week: for men,per week,Ohio,Cincinnati,1.75,1864,229
Board per week: for men,per week,Ohio,Cincinnati,1.75,1865,229
Board per week: for men,per week,Ohio,Cincinnati,1.75,1866,229
Board per week: for men,per week,Ohio,Springfield,2.50,1860,100
Board per week: for men,per week,Ohio,Springfield,2.50,1861,120
Board per week: for men,per week,Ohio,Springfield,2.50,1862,120
Board per week: for men,per week,Ohio,Springfield,2.50,1863,160
Board per week: for men,per week,Ohio,Springfield,2.50,1864,200
Board per week: for men,per week,Ohio,Springfield,2.50,1865,200
Board per week: for men,per week,Ohio,Springfield,2.50,1866,180
Board per week: for men,per week,Ohio,Zanesville,2.75,1860,100
Board per week: for men,per week,Ohio,Zanesville,2.75,1861,109
Board per week: for men,per week,Ohio,Zanesville,2.75,1862,109
Board per week: for men,per week,Ohio,Zanesville,2.75,1863,127
Board per week: for men,per week,Ohio,Zanesville,2.75,1864,127
Board per week: for men,per week,Ohio,Zanesville,2.75,1865,145
Board per week: for men,per week,Ohio,Zanesville,2.75,1866,145
Board per week: for men,per week,Ky,Louisville,4.00,1860,100
Board per week: for men,per week,Ky,Louisville,4.00,1861,100
Board per week: for men,per week,Ky,Louisville,4.00,1862,100
Board per week: for men,per week,Ky,Louisville,4.00,1863,125
Board per week: for men,per week,Ky,Louisville,4.00,1864,175
Board per week: for men,per week,Ky,Louisville,4.00,1865,175
Board per week: for men,per week,Ky,Louisville,4.00,1866,175
Board per week: for men,per week,Ind,Fort Wayne,2.00,1861,100
Board per week: for men,per week,Ind,Fort Wayne,2.00,1862,100
Board per week: for men,per week,Ind,Fort Wayne,2.00,1863,150
Board per week: for men,per week,Ind,Fort Wayne,2.00,1864,150
Board per week: for men,per week,Ind,Fort Wayne,2.00,1865,150
Board per week: for men,per week,Ind,Fort Wayne,2.00,1866,150
Board per week: for men,per week,Ind,Indianapolis,3.50,1861,100
Board per week: for men,per week,Ind,Indianapolis,3.50,1862,114
Board per week: for men,per week,Ind,Indianapolis,3.50,1863,128
Board per week: for men,per week,Ind,Indianapolis,3.50,1864,143
Board per week: for men,per week,Ind,Indianapolis,3.50,1865,143
Board per week: for men,per week,Ind,Indianapolis,3.50,1866,143
Board per week: for men,per week,Ind,Lawrenceburg,3.50,1860,100
Board per week: for men,per week,Ind,Lawrenceburg,3.50,1861,100
Board per week: for men,per week,Ind,Lawrenceburg,3.50,1862,114
Board per week: for men,per week,Ind,Lawrenceburg,3.50,1863,128
Board per week: for men,per week,Ind,Lawrenceburg,3.50,1864,143
Board per week: for men,per week,Ind,Lawrenceburg,3.50,1865,143
Board per week: for men,per week,Ind,Lawrenceburg,3.50,1866,128
Board per week: for men,per week,Ill,Belleville,5.00,1861,100
Board per week: for men,per week,Ill,Belleville,5.00,1862,100
Board per week: for men,per week,Ill,Belleville,5.00,1863,100
Board per week: for men,per week,Ill,Belleville,5.00,1864,100
Board per week: for men,per week,Ill,Belleville,5.00,1865,100
Board per week: for men,per week,Ill,Belleville,5.00,1866,100
Board per week: for men,per week,Ill,Rock Island,2.50,1861,100
Board per week: for men,per week,Ill,Rock Island,2.50,1862,100
Board per week: for men,per week,Ill,Rock Island,2.50,1863,100
Board per week: for men,per week,Ill,Rock Island,2.50,1864,100
Board per week: for men,per week,Ill,Rock Island,2.50,1865,120
Board per week: for men,per week,Ill,Rock Island,2.50,1866,120
Board per week: for men,per week,Ia,Cedar Rapids,2.50,1861,100
Board per week: for men,per week,Ia,Cedar Rapids,2.50,1862,100
Board per week: for men,per week,Ia,Cedar Rapids,2.50,1863,100
Board per week: for men,per week,Ia,Cedar Rapids,2.50,1864,120
Board per week: for men,per week,Ia,Cedar Rapids,2.50,1865,120
Board per week: for men,per week,Ia,Cedar Rapids,2.50,1866,120
Board per week: for men,per week,Mo,Pilot Knob,3.00,1860,100
Board per week: for men,per week,Mo,Pilot Knob,3.00,1861,117
Board per week: for men,per week,Mo,Pilot Knob,3.00,1862,133
Board per week: for men,per week,Mo,Pilot Knob,3.00,1863,150
Board per week: for men,per week,Mo,Pilot Knob,3.00,1864,150
Board per week: for men,per week,Mo,Pilot Knob,3.00,1865,150
Board per week: for men,per week,Mo,Pilot Knob,3.00,1866,117
Board per week: for women,per week,Conn,Jewett City,1.50,1860,100
Board per week: for women,per week,Conn,Jewett City,1.50,1861,100
Board per week: for women,per week,Conn,Jewett City,1.50,1862,100
Board per week: for women,per week,Conn,Jewett City,1.50,1863,100
Board per week: for women,per week,Conn,Jewett City,1.50,1864,133
Board per week: for women,per week,Conn,Jewett City,1.50,1865,133
Board per week: for women,per week,Conn,Jewett City,1.50,1866,167
Board per week: for women,per week,Pa,Philadelphia,1.75,1861,100
Board per week: for women,per week,Pa,Philadelphia,1.75,1862,114
Board per week: for women,per week,Pa,Philadelphia,1.75,1863,129
Board per week: for women,per week,Pa,Philadelphia,1.75,1864,143
Board per week: for women,per week,Pa,Philadelphia,1.75,1865,171
Board per week: for women,per week,Pa,Philadelphia,1.75,1866,171
Board per week: for women,per week,W. Va,New Cumberland,1.25,1860,100
Board per week: for women,per week,W. Va,New Cumberland,1.25,1861,140
Board per week: for women,per week,W. Va,New Cumberland,1.25,1862,160
Board per week: for women,per week,W. Va,New Cumberland,1.25,1863,160
Board per week: for women,per week,W. Va,New Cumberland,1.25,1864,160
Board per week: for women,per week,W. Va,New Cumberland,1.25,1865,160
Board per week: for women,per week,W. Va,New Cumberland,1.25,1866,160
Board per week: for women,per week,Ohio,Canton,2.50,1860,100
Board per week: for women,per week,Ohio,Canton,2.50,1861,120
Board per week: for women,per week,Ohio,Canton,2.50,1862,180
Board per week: for women,per week,Ohio,Canton,2.50,1863,180
Board per week: for women,per week,Ohio,Canton,2.50,1864,180
Board per week: for women,per week,Ohio,Canton,2.50,1865,180
Board per week: for women,per week,Ohio,Canton,2.50,1866,160
Board per week: for women,per week,Ohio,Cincinnati,1.50,1860,100
Board per week: for women,per week,Ohio,Cincinnati,1.50,1861,100
Board per week: for women,per week,Ohio,Cincinnati,1.50,1862,100
Board per week: for women,per week,Ohio,Cincinnati,1.50,1863,167
Board per week: for women,per week,Ohio,Cincinnati,1.50,1864,233
Board per week: for women,per week,Ohio,Cincinnati,1.50,1865,233
Board per week: for women,per week,Ohio,Cincinnati,1.50,1866,233
Board per week: for women,per week,Ohio,Springfield,2.50,1860,100
Board per week: for women,per week,Ohio,Springfield,2.50,1861,120
Board per week: for women,per week,Ohio,Springfield,2.50,1862,120
Board per week: for women,per week,Ohio,Springfield,2.50,1863,160
Board per week: for women,per week,Ohio,Springfield,2.50,1864,200
Board per week: for women,per week,Ohio,Springfield,2.50,1865,200
Board per week: for women,per week,Ohio,Springfield,2.50,1866,180
Board per week: for women,per week,Ohio,Zanesville,2.00,1860,100
Board per week: for women,per week,Ohio,Zanesville,2.00,1861,138
Board per week: for women,per week,Ohio,Zanesville,2.00,1862,138
Board per week: for women,per week,Ohio,Zanesville,2.00,1863,150
Board per week: for women,per week,Ohio,Zanesville,2.00,1864,150
Board per week: for women,per week,Ohio,Zanesville,2.00,1865,175
Board per week: for women,per week,Ohio,Zanesville,2.00,1866,175
Board per week: for women,per week,Ky,Louisville,3.00,1860,100
Board per week: for women,per week,Ky,Louisville,3.00,1861,100
Board per week: for women,per week,Ky,Louisville,3.00,1862,100
Board per week: for women,per week,Ky,Louisville,3.00,1863,133
Board per week: for women,per week,Ky,Louisville,3.00,1864,167
Board per week: for women,per week,Ky,Louisville,3.00,1865,167
Board per week: for women,per week,Ky,Louisville,3.00,1866,167
Board per week: for women,per week,Ind,Indianapolis,3.00,1861,100
Board per week: for women,per week,Ind,Indianapolis,3.00,1862,133
Board per week: for women,per week,Ind,Indianapolis,3.00,1863,133
Board per week: for women,per week,Ind,Indianapolis,3.00,1864,133
Board per week: for women,per week,Ind,Indianapolis,3.00,1865,133
Board per week: for women,per week,Ind,Indianapolis,3.00,1866,133
Board per week: for women,per week,Ill,Belleville,4.00,1861,100
Board per week: for women,per week,Ill,Belleville,4.00,1862,100
Board per week: for women,per week,Ill,Belleville,4.00,1863,100
Board per week: for women,per week,Ill,Belleville,4.00,1864,100
Board per week: for women,per week,Ill,Belleville,4.00,1865,100
Board per week: for women,per week,Ill,Belleville,4.00,1866,100
Board per week: for women,per week,Ill,Rock Island,2.00,1861,100
Board per week: for women,per week,Ill,Rock Island,2.00,1862,100
Board per week: for women,per week,Ill,Rock Island,2.00,1863,100
Board per week: for women,per week,Ill,Rock Island,2.00,1864,100
Board per week: for women,per week,Ill,Rock Island,2.00,1865,125
Board per week: for women,per week,Ill,Rock Island,2.00,1866,125
Board per week: for women,per week,Ia,Cedar Rapids,2.00,1861,100
Board per week: for women,per week,Ia,Cedar Rapids,2.00,1862,100
Board per week: for women,per week,Ia,Cedar Rapids,2.00,1863,100
Board per week: for women,per week,Ia,Cedar Rapids,2.00,1864,150
Board per week: for women,per week,Ia,Cedar Rapids,2.00,1865,150
Board per week: for women,per week,Ia,Cedar Rapids,2.00,1866,150
Board per week: for women,per week,Mo,Pilot Knob,3.00,1860,100
Board per week: for women,per week,Mo,Pilot Knob,3.00,1861,117
Board per week: for women,per week,Mo,Pilot Knob,3.00,1862,133
Board per week: for women,per week,Mo,Pilot Knob,3.00,1863,150
Board per week: for women,per week,Mo,Pilot Knob,3.00,1864,150
Board per week: for women,per week,Mo,Pilot Knob,3.00,1865,150
Board per week: for women,per week,Mo,Pilot Knob,3.00,1866,117
